RABe 524 TILO 6,94 85 0524305-5,333,160
RABe 524 TILO 6,94 85 0524304-8,333,160
RABe 524 TILO 6,94 85 0524303-0,333,160
RABe 524 TILO 6,94 85 0524302-2,333,160
RABe 524 TILO 6,94 85 0524301-4,333,160
RABe 524 TILO 6,94 85 0524117-4,333,160
RABe 524 TILO 6,94 85 0524116-6,333,160
RABe 524 TILO 6,94 85 0524115-8,333,160
RABe 524 TILO 6,94 85 0524114-1,333,160
RABe 524 TILO 6,94 85 0524113-3,333,160
RABe 524 TILO 6,94 85 0524112-5,333,160
RABe 524 TILO 6,94 85 0524111-7,333,160
RABe 524 TILO 6,94 85 0524110-9,333,160
RABe 524 TILO 6,94 85 0524109-1,333,160
RABe 524 TILO 6,94 85 0524108-3,333,160
RABe 524 TILO 6,94 85 0524107-5,333,160
RABe 524 TILO 6,94 85 0524106-7,333,160
RABe 524 TILO 6,94 85 0524105-9,333,160
RABe 524 TILO 6,94 85 0524104-2,333,160
RABe 524 TILO 6,94 85 0524103-4,333,160
RABe 524 TILO 6,94 85 0524102-6,333,160
RABe 524 TILO 6,94 85 0524101-8,333,160
RABe 524 TILO 4,94 85 0524019-2,219,160
RABe 524 TILO 4,94 85 0524018-4,219,160
RABe 524 TILO 4,94 85 0524017-6,219,160
RABe 524 TILO 4,94 85 0524016-8,219,160
RABe 524 TILO 4,94 85 0524015-0,219,160
RABe 524 TILO 4,94 85 0524014-3,219,160
RABe 524 TILO 4,94 85 0524013-5,219,160
RABe 524 TILO 4,94 85 0524012-7,219,160
RABe 524 TILO 4,94 85 0524011-9,219,160
RABe 524 TILO 4,94 85 0524010-1,219,160
RABe 524 TILO 4,94 85 0524009-3,219,160
RABe 524 TILO 4,94 85 0524008-5,219,160
RABe 524 TILO 4,94 85 0524007-7,219,160
RABe 524 TILO 4,94 85 0524006-9,219,160
RABe 524 TILO 4,94 85 0524005-1,219,160
RABe 524 TILO 4,94 85 0524004-4,219,160
RABe 524 TILO 4,94 85 0524003-6,219,160
RABe 524 TILO 4,94 85 0524002-8,219,160
RABe 524 TILO 4,94 85 0524001-0,219,160
RABe 523 VD 2,94 85 0523114-2,219,160
RABe 523 VD 2,94 85 0523113-4,219,160
RABe 523 VD 2,94 85 0523112-6,219,160
RABe 523 VD 2,94 85 0523111-8,219,160
RABe 523 VD 2,94 85 0523110-0,219,160
RABe 523 VD 2,94 85 0523109-2,219,160
RABe 523 VD 2,94 85 0523108-4,219,160
RABe 523 VD 2,94 85 0523107-6,219,160
RABe 523 VD 2,94 85 0523106-8,219,160
RABe 523 VD 2,94 85 0523105-0,219,160
RABe 523 VD 2,94 85 0523104-3,219,160
RABe 523 VD 2,94 85 0523103-5,219,160
RABe 523 VD 2,94 85 0523102-7,219,160
RABe 523 VD 2,94 85 0523101-9,219,160
RABe 523 ROL,94 85 0523073-0,219,160
RABe 523 ROL,94 85 0523072-2,219,160
RABe 523 ROL,94 85 0523071-4,219,160
RABe 523 ROL,94 85 0523070-6,219,160
RABe 523 ROL,94 85 0523069-8,219,160
RABe 523 ROL,94 85 0523068-0,219,160
RABe 523 ROL,94 85 0523067-2,219,160
RABe 523 ROL,94 85 0523066-4,219,160
RABe 523 ROL,94 85 0523065-6,219,160
RABe 523 ROL,94 85 0523064-9,219,160
RABe 523 ROL,94 85 0523063-1,219,160
RABe 523 ROL,94 85 0523062-3,219,160
RABe 523 ROL,94 85 0523061-5,219,160
RABe 523 ROL,94 85 0523060-7,219,160
RABe 523 ROL,94 85 0523059-9,219,160
RABe 523 ROL,94 85 0523058-1,219,160
RABe 523 ROL,94 85 0523057-3,219,160
RABe 523 ROL,94 85 0523056-5,219,160
RABe 523 ROL,94 85 0523055-7,219,160
RABe 523 ROL,94 85 0523054-0,219,160
RABe 523 ROL,94 85 0523053-2,219,160
RABe 523 ROL,94 85 0523052-4,219,160
RABe 523 ROL,94 85 0523051-6,219,160
RABe 523 ROL,94 85 0523050-8,219,160
RABe 523 ROL,94 85 0523049-0,219,160
RABe 523 ROL,94 85 0523048-2,219,160
RABe 523 ROL,94 85 0523047-4,219,160
RABe 523 ROL,94 85 0523046-6,219,160
RABe 523 ROL,94 85 0523045-8,219,160
RABe 523 ROL,94 85 0523044-1,219,160
RABe 523 ZCH,94 85 0523043-3,219,160
RABe 523 ZCH,94 85 0523042-5,219,160
RABe 523 ZCH,94 85 0523041-7,219,160
RABe 523 ZCH,94 85 0523040-9,219,160
RABe 523 ZCH,94 85 0523039-1,219,160
RABe 523 ZCH,94 85 0523038-3,219,160
RABe 523 ZCH,94 85 0523037-5,219,160
RABe 523 ZCH,94 85 0523036-7,219,160
RABe 523 ZCH,94 85 0523035-9,219,160
RABe 523 ZCH,94 85 0523034-2,219,160
RABe 523 ZCH,94 85 0523033-4,219,160
RABe 523 ZCH,94 85 0523032-6,219,160
RABe 523 VD,94 85 0523031-8,219,160
RABe 523 VD,94 85 0523030-0,219,160
RABe 523 VD,94 85 0523029-2,219,160
RABe 523 VD,94 85 0523028-4,219,160
RABe 523 VD,94 85 0523027-6,219,160
RABe 523 VD,94 85 0523026-8,219,160
RABe 523 VD,94 85 0523025-0,219,160
RABe 523 VD,94 85 0523024-3,219,160
RABe 523 VD,94 85 0523023-5,219,160
RABe 523 VD,94 85 0523022-7,219,160
RABe 523 VD,94 85 0523021-9,219,160
RABe 523 VD,94 85 0523020-1,219,160
RABe 523 VD,94 85 0523019-3,219,160
RABe 523 VD,94 85 0523018-5,219,160
RABe 523 VD,94 85 0523017-7,219,160
RABe 523 VD,94 85 0523016-9,219,160
RABe 523 VD,94 85 0523015-1,219,160
RABe 523 VD,94 85 0523014-4,219,160
RABe 523 VD,94 85 0523013-6,219,160
RABe 523 ZG,94 85 0523012-8,219,160
RABe 523 ZG,94 85 0523011-0,219,160
RABe 523 ZG,94 85 0523010-2,219,160
RABe 523 ZG,94 85 0523009-4,219,160
RABe 523 ZG,94 85 0523008-6,219,160
RABe 523 ZG,94 85 0523007-8,219,160
RABe 523 ZG,94 85 0523006-0,219,160
RABe 523 ZG,94 85 0523005-2,219,160
RABe 523 ZG,94 85 0523004-5,219,160
RABe 523 ZG,94 85 0523003-7,219,160
RABe 523 ZG,94 85 0523002-9,219,160
RABe 523 ZG,94 85 0523001-1,219,160
RABe 522 LEX,94 85 0522232-3,219,160
RABe 522 LEX,94 85 0522231-5,219,160
RABe 522 LEX,94 85 0522230-7,219,160
RABe 522 LEX,94 85 0522229-9,219,160
RABe 522 LEX,94 85 0522228-1,219,160
RABe 522 LEX,94 85 0522227-3,219,160
RABe 522 LEX,94 85 0522226-5,219,160
RABe 522 LEX,94 85 0522225-7,219,160
RABe 522 LEX,94 85 0522224-0,219,160
RABe 522 LEX,94 85 0522223-2,219,160
RABe 522 LEX,94 85 0522222-4,219,160
RABe 522 LEX,94 85 0522221-6,219,160
RABe 522 LEX,94 85 0522220-8,219,160
RABe 522 LEX,94 85 0522219-0,219,160
RABe 522 LEX,94 85 0522218-2,219,160
RABe 522 LEX,94 85 0522217-4,219,160
RABe 522 LEX,94 85 0522216-6,219,160
RABe 522 LEX,94 85 0522215-8,219,160
RABe 522 FR LEX,94 85 0522214-1,219,160
RABe 522 FR LEX,94 85 0522213-3,219,160
RABe 522 FR LEX,94 85 0522212-5,219,160
RABe 522 FR,94 85 0522211-7,219,160
RABe 522 FR,94 85 0522210-9,219,160
RABe 522 FR,94 85 0522209-1,219,160
RABe 522 FR,94 85 0522208-3,219,160
RABe 522 FR,94 85 0522207-5,219,160
RABe 522 FR,94 85 0522206-7,219,160
RABe 522 FR,94 85 0522205-9,219,160
RABe 522 FR,94 85 0522204-2,219,160
RABe 522 FR,94 85 0522203-4,219,160
RABe 522 FR LEX,94 85 0522202-6,219,160
RABe 522 FR LEX,94 85 0522201-8,219,160
RABe 521 Seehas,94 85 0521209-2,163,160
RABe 521 Seehas,94 85 0521208-4,163,160
RABe 521 Seehas,94 85 0521207-6,163,160
RABe 521 Seehas,94 85 0521206-8,163,160
RABe 521 Seehas,94 85 0521205-0,163,160
RABe 521 Seehas,94 85 0521204-3,163,160
RABe 521 Seehas,94 85 0521203-5,163,160
RABe 521 Seehas,94 85 0521202-7,163,160
RABe 521 Seehas,94 85 0521201-9,163,160
RABe 521 BS,94 85 0521030-2,219,160
RABe 521 BS,94 85 0521029-4,219,160
RABe 521 BS,94 85 0521028-6,219,160
RABe 521 BS,94 85 0521027-8,219,160
RABe 521 BS,94 85 0521026-0,219,160
RABe 521 BS,94 85 0521025-2,219,160
RABe 521 BS,94 85 0521024-5,219,160
RABe 521 BS,94 85 0521023-7,219,160
RABe 521 BS,94 85 0521022-9,219,160
RABe 521 BS,94 85 0521021-1,219,160
RABe 521 BS,94 85 0521020-3,219,160
RABe 521 BS,94 85 0521019-5,219,160
RABe 521 BS,94 85 0521018-7,219,160
RABe 521 BS,94 85 0521017-9,219,160
RABe 521 BS,94 85 0521016-1,219,160
RABe 521 BS,94 85 0521015-3,219,160
RABe 521 BS,94 85 0521014-6,219,160
RABe 521 BS,94 85 0521013-8,219,160
RABe 521 WT,94 85 0521012-0,219,160
RABe 521 WT,94 85 0521011-2,219,160
RABe 521 WT,94 85 0521010-4,219,160
RABe 521 WT,94 85 0521009-6,219,160
RABe 521 WT,94 85 0521008-8,219,160
RABe 521 WT,94 85 0521007-0,219,160
RABe 521 WT,94 85 0521006-2,219,160
RABe 521 WT,94 85 0521005-4,219,160
RABe 521 WT,94 85 0521004-7,219,160
RABe 521 WT,94 85 0521003-9,219,160
RABe 521 WT,94 85 0521002-1,219,160
RABe 521 WT,94 85 0521001-3,219,160
RABe 520,94 85 0520015-4,128,115
RABe 520,94 85 0520014-7,128,115
RABe 520,94 85 0520013-9,128,115
RABe 520,94 85 0520012-1,128,115
RABe 520,94 85 0520011-3,128,115
RABe 520,94 85 0520010-5,128,115
RABe 520,94 85 0520009-7,128,115
RABe 520,94 85 0520008-9,128,115
RABe 520,94 85 0520007-1,128,115
RABe 520,94 85 0520006-3,128,115
RABe 520,94 85 0520005-5,128,115
RABe 520,94 85 0520004-8,128,115
RABe 520,94 85 0520003-0,128,115
RABe 520,94 85 0520002-2,128,115
RABe 520,94 85 0520001-4,128,115
RABe 514,94 85 0514061-6,360,140
RABe 514,94 85 0514060-8,360,140
RABe 514,94 85 0514059-0,360,140
RABe 514,94 85 0514058-2,360,140
RABe 514,94 85 0514057-4,360,140
RABe 514,94 85 0514056-6,360,140
RABe 514,94 85 0514055-8,360,140
RABe 514,94 85 0514054-1,360,140
RABe 514,94 85 0514053-3,360,140
RABe 514,94 85 0514052-5,360,140
RABe 514,94 85 0514051-7,360,140
RABe 514,94 85 0514050-9,360,140
RABe 514,94 85 0514049-1,360,140
RABe 514,94 85 0514048-3,360,140
RABe 514,94 85 0514047-5,360,140
RABe 514,94 85 0514046-7,360,140
RABe 514,94 85 0514045-9,360,140
RABe 514,94 85 0514044-2,360,140
RABe 514,94 85 0514043-4,360,140
RABe 514,94 85 0514042-6,360,140
RABe 514,94 85 0514041-8,360,140
RABe 514,94 85 0514040-0,360,140
RABe 514,94 85 0514039-2,360,140
RABe 514,94 85 0514038-4,360,140
RABe 514,94 85 0514037-6,360,140
RABe 514,94 85 0514036-8,360,140
RABe 514,94 85 0514035-0,360,140
RABe 514,94 85 0514034-3,360,140
RABe 514,94 85 0514033-5,360,140
RABe 514,94 85 0514032-7,360,140
RABe 514,94 85 0514031-9,360,140
RABe 514,94 85 0514030-1,360,140
RABe 514,94 85 0514029-3,360,140
RABe 514,94 85 0514028-5,360,140
RABe 514,94 85 0514027-7,360,140
RABe 514,94 85 0514026-9,360,140
RABe 514,94 85 0514025-1,360,140
RABe 514,94 85 0514024-4,360,140
RABe 514,94 85 0514023-6,360,140
RABe 514,94 85 0514022-8,360,140
RABe 514,94 85 0514021-0,360,140
RABe 514,94 85 0514020-2,360,140
RABe 514,94 85 0514019-4,360,140
RABe 514,94 85 0514018-6,360,140
RABe 514,94 85 0514017-8,360,140
RABe 514,94 85 0514016-0,360,140
RABe 514,94 85 0514015-2,360,140
RABe 514,94 85 0514014-5,360,140
RABe 514,94 85 0514013-7,360,140
RABe 514,94 85 0514012-9,360,140
RABe 514,94 85 0514011-1,360,140
RABe 514,94 85 0514010-3,360,140
RABe 514,94 85 0514009-5,360,140
RABe 514,94 85 0514008-7,360,140
RABe 514,94 85 0514007-9,360,140
RABe 514,94 85 0514006-1,360,140
RABe 514,94 85 0514005-3,360,140
RABe 514,94 85 0514004-6,360,140
RABe 514,94 85 0514003-8,360,140
RABe 514,94 85 0514002-0,360,140
RABe 514,94 85 0514001-2,360,140
RABe 511 4,94 85 0511124-5,337,160
RABe 511 4,94 85 0511123-7,337,160
RABe 511 4,94 85 0511122-9,337,160
RABe 511 4,94 85 0511121-1,337,160
RABe 511 4,94 85 0511120-3,337,160
RABe 511 4,94 85 0511119-5,337,160
RABe 511 4,94 85 0511118-7,337,160
RABe 511 4,94 85 0511117-9,337,160
RABe 511 4,94 85 0511116-1,337,160
RABe 511 4,94 85 0511115-3,337,160
RABe 511 4,94 85 0511114-6,337,160
RABe 511 4,94 85 0511113-8,337,160
RABe 511 4,94 85 0511112-0,337,160
RABe 511 4,94 85 0511111-2,337,160
RABe 511 4,94 85 0511110-4,337,160
RABe 511 4,94 85 0511109-6,337,160
RABe 511 4,94 85 0511108-8,337,160
RABe 511 4,94 85 0511107-0,317,160
RABe 511 4,94 85 0511106-2,337,160
RABe 511 4,94 85 0511105-4,337,160
RABe 511 4,94 85 0511104-7,337,160
RABe 511 4,94 85 0511103-9,337,160
RABe 511 4,94 85 0511102-1,337,160
RABe 511 4,94 85 0511101-3,337,160
RABe 511 6,94 85 0511069-2,535,160
RABe 511 6,94 85 0511068-4,535,160
RABe 511 6 SBZ,94 85 0511067-6,535,160
RABe 511 6 SBZ,94 85 0511066-8,535,160
RABe 511 6 SBZ,94 85 0511065-0,535,160
RABe 511 6 SBZ,94 85 0511064-3,535,160
RABe 511 6 SBZ,94 85 0511063-5,535,160
RABe 511 6 SBZ,94 85 0511062-7,535,160
RABe 511 6 SBZ,94 85 0511061-9,535,160
RABe 511 6 SBZ,94 85 0511060-1,535,160
RABe 511 6 SBZ,94 85 0511059-3,535,160
RABe 511 6 SBZ,94 85 0511058-5,535,160
RABe 511 6 SBZ,94 85 0511057-7,535,160
RABe 511 6 SBZ,94 85 0511056-9,535,160
RABe 511 6 SBZ,94 85 0511055-1,535,160
RABe 511 6 SBZ,94 85 0511054-4,535,160
RABe 511 6 SBZ,94 85 0511053-6,535,160
RABe 511 6 SBZ,94 85 0511052-8,535,160
RABe 511 6 SBZ,94 85 0511051-0,535,160
RABe 511 6 SBZ,94 85 0511050-2,535,160
RABe 511 6 SBZ,94 85 0511049-4,535,160
RABe 511 6 SBZ,94 85 0511048-6,535,160
RABe 511 6 SBZ,94 85 0511047-8,535,160
RABe 511 6 SBZ,94 85 0511046-0,535,160
RABe 511 6 SBZ,94 85 0511045-2,535,160
RABe 511 6 SBZ,94 85 0511044-5,535,160
RABe 511 6 SBZ,94 85 0511043-7,535,160
RABe 511 6 SBZ,94 85 0511042-9,535,160
RABe 511 6 SBZ,94 85 0511041-1,535,160
RABe 511 6 SBZ,94 85 0511040-3,535,160
RABe 511 6 SBZ,94 85 0511039-5,535,160
RABe 511 6,94 85 0511038-7,535,160
RABe 511 6,94 85 0511037-9,535,160
RABe 511 6,94 85 0511036-1,535,160
RABe 511 6 SBZ,94 85 0511035-3,535,160
RABe 511 6 SBZ,94 85 0511034-6,535,160
RABe 511 6 SBZ,94 85 0511033-8,535,160
RABe 511 6 SBZ,94 85 0511032-0,535,160
RABe 511 6 SBZ,94 85 0511031-2,535,160
RABe 511 6,94 85 0511030-4,535,160
RABe 511 6,94 85 0511029-6,535,160
RABe 511 6,94 85 0511028-8,535,160
RABe 511 6,94 85 0511027-0,535,160
RABe 511 6,94 85 0511026-2,535,160
RABe 511 6,94 85 0511025-4,535,160
RABe 511 6,94 85 0511024-7,535,160
RABe 511 6,94 85 0511023-9,535,160
RABe 511 6,94 85 0511022-1,535,160
RABe 511 6,94 85 0511021-3,535,160
RABe 511 6,94 85 0511020-5,535,160
RABe 511 6,94 85 0511019-7,535,160
RABe 511 6,94 85 0511018-9,535,160
RABe 511 6,94 85 0511017-1,535,160
RABe 511 6,94 85 0511016-3,535,160
RABe 511 6,94 85 0511015-5,535,160
RABe 511 6,94 85 0511014-8,535,160
RABe 511 6 SBZ,94 85 0511013-0,535,160
RABe 511 6 SBZ,94 85 0511012-2,535,160
RABe 511 6 SBZ,94 85 0511011-4,535,160
RABe 511 6 SBZ,94 85 0511010-6,535,160
RABe 511 6 SBZ,94 85 0511009-8,535,160
RABe 511 6 SBZ,94 85 0511008-0,535,160
RABe 511 6 SBZ,94 85 0511007-2,535,160
RABe 511 6 SBZ,94 85 0511006-4,535,160
RABe 511 6 SBZ,94 85 0511005-6,535,160
RABe 511 6 SBZ,94 85 0511004-9,535,160
RABe 511 6 SBZ,94 85 0511003-1,535,160
RABe 511 6 SBZ,94 85 0511002-3,535,160
RABe 511 6 SBZ,94 85 0511001-5,535,160
RABe 502 IR100,94 85 0502408-3,330,200
RABe 502 IR100,94 85 0502407-5,330,200
RABe 502 IR100,94 85 0502406-7,330,200
RABe 502 IR100,94 85 0502405-9,330,200
RABe 502 IR100,94 85 0502404-2,330,200
RABe 502 IR100,94 85 0502403-4,330,200
RABe 502 IR100,94 85 0502402-6,330,200
RABe 502 IR100,94 85 0502401-8,330,200
RABe 502 IR200,94 85 0502227-7,682,200
RABe 502 IR200,94 85 0502226-9,682,200
RABe 502 IR200,94 85 0502225-1,682,200
RABe 502 IR200,94 85 0502224-4,682,200
RABe 502 IR200,94 85 0502223-6,682,200
RABe 502 IR200,94 85 0502222-8,682,200
RABe 502 IR200,94 85 0502221-0,682,200
RABe 502 IR200,94 85 0502220-2,682,200
RABe 502 IR200,94 85 0502219-4,682,200
RABe 502 IR200,94 85 0502218-6,682,200
RABe 502 IR200,94 85 0502217-8,682,200
RABe 502 IR200,94 85 0502216-0,682,200
RABe 502 IR200,94 85 0502215-2,682,200
RABe 502 IR200,94 85 0502214-5,682,200
RABe 502 IR200,94 85 0502213-7,682,200
RABe 502 IR200,94 85 0502212-9,682,200
RABe 502 IR200,94 85 0502211-1,682,200
RABe 502 IR200,94 85 0502210-3,682,200
RABe 502 IR200,94 85 0502209-5,682,200
RABe 502 IR200,94 85 0502208-7,682,200
RABe 502 IR200,94 85 0502207-9,682,200
RABe 502 IR200,94 85 0502206-1,682,200
RABe 502 IR200,94 85 0502205-3,682,200
RABe 502 IR200,94 85 0502204-6,682,200
RABe 502 IR200,94 85 0502202-0,682,200
RABe 502 IR200,94 85 0502201-2,682,200
RABDe 502 IC200,94 85 0502022-2,606,200
RABDe 502 IC200,94 85 0502021-4,606,200
RABDe 502 IC200,94 85 0502020-6,606,200
RABDe 502 IC200,94 85 0502019-8,606,200
RABDe 502 IC200,94 85 0502018-0,606,200
RABDe 502 IC200,94 85 0502017-2,606,200
RABDe 502 IC200,94 85 0502016-4,606,200
RABDe 502 IC200,94 85 0502015-6,606,200
RABDe 502 IC200,94 85 0502014-9,606,200
RABDe 502 IC200,94 85 0502013-1,606,200
RABDe 502 IC200,94 85 0502012-3,606,200
RABDe 502 IC200,94 85 0502011-5,606,200
RABDe 502 IC200,94 85 0502010-7,606,200
RABDe 502 IC200,94 85 0502009-9,606,200
RABDe 502 IC200,94 85 0502008-1,606,200
RABDe 502 IC200,94 85 0502007-3,606,200
RABDe 502 IC200,94 85 0502006-5,606,200
RABDe 502 IC200,94 85 0502005-7,606,200
RABDe 502 IC200,94 85 0502004-0,606,200
RABDe 502 IC200,94 85 0502003-2,606,200
RABDe 502 IC200,94 85 0502002-4,606,200
RABDe 502 IC200,94 85 0502001-6,606,200
RABDe 500 ICN,94 85 0500043-0,467,200
RABDe 500 ICN,94 85 0500042-2,467,200
RABDe 500 ICN,94 85 0500041-4,467,200
RABDe 500 ICN,94 85 0500040-6,467,200
RABDe 500 ICN,94 85 0500039-8,467,200
RABDe 500 ICN,94 85 0500038-0,467,200
RABDe 500 ICN,94 85 0500037-2,467,200
RABDe 500 ICN,94 85 0500036-4,467,200
RABDe 500 ICN,94 85 0500035-6,467,200
RABDe 500 ICN,94 85 0500034-9,467,200
RABDe 500 ICN,94 85 0500033-1,467,200
RABDe 500 ICN,94 85 0500032-3,467,200
RABDe 500 ICN,94 85 0500031-5,467,200
RABDe 500 ICN,94 85 0500030-7,467,200
RABDe 500 ICN,94 85 0500029-9,467,200
RABDe 500 ICN,94 85 0500028-1,467,200
RABDe 500 ICN,94 85 0500027-3,467,200
RABDe 500 ICN,94 85 0500026-5,467,200
RABDe 500 ICN,94 85 0500025-7,467,200
RABDe 500 ICN,94 85 0500024-0,467,200
RABDe 500 ICN,94 85 0500023-2,470,200
RABDe 500 ICN,94 85 0500022-4,470,200
RABDe 500 ICN,94 85 0500021-6,470,200
RABDe 500 ICN,94 85 0500020-8,470,200
RABDe 500 ICN,94 85 0500019-0,470,200
RABDe 500 ICN,94 85 0500018-2,470,200
RABDe 500 ICN,94 85 0500017-4,470,200
RABDe 500 ICN,94 85 0500016-6,470,200
RABDe 500 ICN,94 85 0500015-8,470,200
RABDe 500 ICN,94 85 0500014-1,470,200
RABDe 500 ICN,94 85 0500013-3,470,200
RABDe 500 ICN,94 85 0500012-5,470,200
RABDe 500 ICN,94 85 0500011-7,470,200
RABDe 500 ICN,94 85 0500010-9,470,200
RABDe 500 ICN,94 85 0500009-1,470,200
RABDe 500 ICN,94 85 0500008-3,470,200
RABDe 500 ICN,94 85 0500007-5,470,200
RABDe 500 ICN,94 85 0500006-7,470,200
RABDe 500 ICN,94 85 0500005-9,470,200
RABDe 500 ICN,94 85 0500004-2,470,200
RABDe 500 ICN,94 85 0500003-4,470,200
RABDe 500 ICN,94 85 0500002-6,470,200
RABDe 500 ICN,94 85 0500001-8,470,200
RABDe 500 ICN,94 85 0500000-0,470,200
RABe 503,93 85 5610014-8,412,250
RABe 503,93 85 5610013-0,412,250
RABe 503,93 85 5610010-6,412,250
RABe 503,93 85 5610009-8,412,250
RABe 503,93 85 5610007-2,412,250
RABe 503,93 85 5610006-4,412,250
RABe 503,93 85 5610005-6,412,250
RABe 503,93 85 0503022-2,412,250
RABe 503,93 85 0503021-4,412,250
RABe 503,93 85 0503020-6,412,250
RABe 503,93 85 0503019-8,412,250
RABe 503,93 85 0503018-0,412,250
RABe 503,93 85 0503017-2,412,250
RABe 503,93 85 0503016-4,412,250
RABe 503,93 85 0503015-6,412,250
RABe 503,93 85 0503014-9,412,250
RABe 503,93 85 0503013-1,412,250
RABe 503,93 85 0503012-3,412,250
RABe 503,93 85 0503011-5,412,250
RABe 501,93 85 0501029-9,405,250
RABe 501,93 85 0501028-1,405,250
RABe 501,93 85 0501027-3,405,250
RABe 501,93 85 0501026-5,405,250
RABe 501,93 85 0501025-7,405,250
RABe 501,93 85 0501024-0,405,250
RABe 501,93 85 0501023-2,405,250
RABe 501,93 85 0501022-4,405,250
RABe 501,93 85 0501021-6,405,250
RABe 501,93 85 0501020-8,405,250
RABe 501,93 85 0501019-0,405,250
RABe 501,93 85 0501018-2,405,250
RABe 501,93 85 0501017-4,405,250
RABe 501,93 85 0501016-6,405,250
RABe 501,93 85 0501015-8,405,250
RABe 501,93 85 0501014-1,405,250
RABe 501,93 85 0501013-3,405,250
RABe 501,93 85 0501012-5,405,250
RABe 501,93 85 0501011-7,405,250
RABe 501,93 85 0501010-9,405,250
RABe 501,93 85 0501009-1,405,250
RABe 501,93 85 0501008-3,405,250
RABe 501,93 85 0501007-5,405,250
RABe 501,93 85 0501006-7,405,250
RABe 501,93 85 0501005-9,405,250
RABe 501,93 85 0501004-2,405,250
RABe 501,93 85 0501003-4,405,250
RABe 501,93 85 0501002-6,405,250
RABe 501,93 85 0501001-8,405,250
Re 460,91 85 4460118-3,0,200
Re 460,91 85 4460117-5,0,200
Re 460,91 85 4460116-7,0,200
Re 460,91 85 4460115-9,0,200
Re 460,91 85 4460114-2,0,200
Re 460,91 85 4460113-4,0,200
Re 460,91 85 4460112-6,0,200
Re 460,91 85 4460111-8,0,200
Re 460,91 85 4460110-0,0,200
Re 460,91 85 4460109-2,0,200
Re 460,91 85 4460108-4,0,200
Re 460,91 85 4460107-6,0,200
Re 460,91 85 4460106-8,0,200
Re 460,91 85 4460105-0,0,200
Re 460,91 85 4460104-3,0,200
Re 460,91 85 4460103-5,0,200
Re 460,91 85 4460102-7,0,200
Re 460,91 85 4460101-9,0,200
Re 460,91 85 4460100-1,0,200
Re 460,91 85 4460099-5,0,200
Re 460,91 85 4460098-7,0,200
Re 460,91 85 4460097-9,0,200
Re 460,91 85 4460096-1,0,200
Re 460,91 85 4460095-3,0,200
Re 460,91 85 4460094-6,0,200
Re 460,91 85 4460093-8,0,200
Re 460,91 85 4460092-0,0,200
Re 460,91 85 4460091-2,0,200
Re 460,91 85 4460090-4,0,200
Re 460,91 85 4460089-6,0,200
Re 460,91 85 4460088-8,0,200
Re 460,91 85 4460087-0,0,200
Re 460,91 85 4460086-2,0,200
Re 460,91 85 4460085-4,0,200
Re 460,91 85 4460084-7,0,200
Re 460,91 85 4460083-9,0,200
Re 460,91 85 4460082-1,0,200
Re 460,91 85 4460081-3,0,200
Re 460,91 85 4460080-5,0,200
Re 460,91 85 4460079-7,0,200
Re 460,91 85 4460078-9,0,200
Re 460,91 85 4460077-1,0,200
Re 460,91 85 4460076-3,0,200
Re 460,91 85 4460075-5,0,200
Re 460,91 85 4460074-8,0,200
Re 460,91 85 4460073-0,0,200
Re 460,91 85 4460072-2,0,200
Re 460,91 85 4460071-4,0,200
Re 460,91 85 4460070-6,0,200
Re 460,91 85 4460069-8,0,200
Re 460,91 85 4460068-0,0,200
Re 460,91 85 4460067-2,0,200
Re 460,91 85 4460066-4,0,200
Re 460,91 85 4460064-9,0,200
Re 460,91 85 4460063-1,0,200
Re 460,91 85 4460062-3,0,200
Re 460,91 85 4460061-5,0,200
Re 460,91 85 4460060-7,0,200
Re 460,91 85 4460059-9,0,200
Re 460,91 85 4460058-1,0,200
Re 460,91 85 4460057-3,0,200
Re 460,91 85 4460056-5,0,200
Re 460,91 85 4460055-7,0,200
Re 460,91 85 4460054-0,0,200
Re 460,91 85 4460053-2,0,200
Re 460,91 85 4460052-4,0,200
Re 460,91 85 4460051-6,0,200
Re 460,91 85 4460050-8,0,200
Re 460,91 85 4460049-0,0,200
Re 460,91 85 4460048-2,0,200
Re 460,91 85 4460047-4,0,200
Re 460,91 85 4460046-6,0,200
Re 460,91 85 4460045-8,0,200
Re 460,91 85 4460044-1,0,200
Re 460,91 85 4460043-3,0,200
Re 460,91 85 4460042-5,0,200
Re 460,91 85 4460041-7,0,230
Re 460,91 85 4460040-9,0,200
Re 460,91 85 4460039-1,0,200
Re 460,91 85 4460038-3,0,200
Re 460,91 85 4460037-5,0,200
Re 460,91 85 4460036-7,0,200
Re 460,91 85 4460035-9,0,200
Re 460,91 85 4460034-2,0,200
Re 460,91 85 4460033-4,0,200
Re 460,91 85 4460032-6,0,200
Re 460,91 85 4460031-8,0,200
Re 460,91 85 4460030-0,0,200
Re 460,91 85 4460029-2,0,200
Re 460,91 85 4460028-4,0,230
Re 460,91 85 4460027-6,0,200
Re 460,91 85 4460026-8,0,200
Re 460,91 85 4460025-0,0,200
Re 460,91 85 4460024-3,0,200
Re 460,91 85 4460023-5,0,200
Re 460,91 85 4460022-7,0,200
Re 460,91 85 4460021-9,0,200
Re 460,91 85 4460020-1,0,200
Re 460,91 85 4460019-3,0,200
Re 460,91 85 4460018-5,0,200
Re 460,91 85 4460017-7,0,200
Re 460,91 85 4460016-9,0,200
Re 460,91 85 4460015-1,0,200
Re 460,91 85 4460014-4,0,200
Re 460,91 85 4460013-6,0,200
Re 460,91 85 4460012-8,0,200
Re 460,91 85 4460011-0,0,200
Re 460,91 85 4460010-2,0,200
Re 460,91 85 4460009-4,0,200
Re 460,91 85 4460007-8,0,200
Re 460,91 85 4460006-0,0,200
Re 460,91 85 4460005-2,0,200
Re 460,91 85 4460004-5,0,200
Re 460,91 85 4460003-7,0,200
Re 460,91 85 4460002-9,0,200
Re 460,91 85 4460001-1,0,200
Re 460,91 85 4460000-3,0,200
Re 450,91 85 4450114-4,0,130
Re 450,91 85 4450113-6,0,130
Re 450,91 85 4450112-8,0,130
Re 450,91 85 4450111-0,0,130
Re 450,91 85 4450110-2,0,130
Re 450,91 85 4450109-4,0,130
Re 450,91 85 4450108-6,0,130
Re 450,91 85 4450107-8,0,130
Re 450,91 85 4450106-0,0,130
Re 450,91 85 4450105-2,0,130
Re 450,91 85 4450104-5,0,130
Re 450,91 85 4450103-7,0,130
Re 450,91 85 4450102-9,0,130
Re 450,91 85 4450101-1,0,130
Re 450,91 85 4450100-3,0,130
Re 450,91 85 4450099-7,0,130
Re 450,91 85 4450098-9,0,130
Re 450,91 85 4450097-1,0,130
Re 450,91 85 4450096-3,0,130
Re 450,91 85 4450095-5,0,130
Re 450,91 85 4450094-8,0,130
Re 450,91 85 4450093-0,0,130
Re 450,91 85 4450092-2,0,130
Re 450,91 85 4450091-4,0,130
Re 450,91 85 4450090-6,0,130
Re 450,91 85 4450089-8,0,130
Re 450,91 85 4450088-0,0,130
Re 450,91 85 4450087-2,0,130
Re 450,91 85 4450086-4,0,130
Re 450,91 85 4450085-6,0,130
Re 450,91 85 4450084-9,0,130
Re 450,91 85 4450083-1,0,130
Re 450,91 85 4450082-3,0,130
Re 450,91 85 4450081-5,0,130
Re 450,91 85 4450080-7,0,130
Re 450,91 85 4450079-9,0,130
Re 450,91 85 4450078-1,0,130
Re 450,91 85 4450077-3,0,130
Re 450,91 85 4450076-5,0,130
Re 450,91 85 4450075-7,0,130
Re 450,91 85 4450074-0,0,130
Re 450,91 85 4450073-2,0,130
Re 450,91 85 4450072-4,0,130
Re 450,91 85 4450071-6,0,130
Re 450,91 85 4450069-0,0,130
Re 450,91 85 4450068-2,0,130
Re 450,91 85 4450066-6,0,130
Re 450,91 85 4450065-8,0,130
Re 450,91 85 4450064-1,0,130
Re 450,91 85 4450063-3,0,130
Re 450,91 85 4450062-5,0,130
Re 450,91 85 4450061-7,0,130
Re 450,91 85 4450060-9,0,130
Re 450,91 85 4450059-1,0,130
Re 450,91 85 4450058-3,0,130
Re 450,91 85 4450057-5,0,130
Re 450,91 85 4450056-7,0,130
Re 450,91 85 4450055-9,0,130
Re 450,91 85 4450054-2,0,130
Re 450,91 85 4450053-4,0,130
Re 450,91 85 4450052-6,0,130
Re 450,91 85 4450051-8,0,130
Re 450,91 85 4450050-0,0,130
Re 450,91 85 4450049-2,0,130
Re 450,91 85 4450048-4,0,130
Re 450,91 85 4450047-6,0,130
Re 450,91 85 4450046-8,0,130
Re 450,91 85 4450045-0,0,130
Re 450,91 85 4450044-3,0,130
Re 450,91 85 4450043-5,0,130
Re 450,91 85 4450042-7,0,130
Re 450,91 85 4450041-9,0,130
Re 450,91 85 4450040-1,0,130
Re 450,91 85 4450039-3,0,130
Re 450,91 85 4450038-5,0,130
Re 450,91 85 4450037-7,0,130
Re 450,91 85 4450036-9,0,130
Re 450,91 85 4450035-1,0,130
Re 450,91 85 4450034-4,0,130
Re 450,91 85 4450033-6,0,130
Re 450,91 85 4450032-8,0,130
Re 450,91 85 4450031-0,0,130
Re 450,91 85 4450030-2,0,130
Re 450,91 85 4450029-4,0,130
Re 450,91 85 4450028-6,0,130
Re 450,91 85 4450027-8,0,130
Re 450,91 85 4450026-0,0,130
Re 450,91 85 4450025-2,0,130
Re 450,91 85 4450024-5,0,130
Re 450,91 85 4450023-7,0,130
Re 450,91 85 4450022-9,0,130
Re 450,91 85 4450021-1,0,130
Re 450,91 85 4450020-3,0,130
Re 450,91 85 4450019-5,0,130
Re 450,91 85 4450018-7,0,130
Re 450,91 85 4450017-9,0,130
Re 450,91 85 4450016-1,0,130
Re 450,91 85 4450015-3,0,130
Re 450,91 85 4450014-6,0,130
Re 450,91 85 4450013-8,0,130
Re 450,91 85 4450012-0,0,130
Re 450,91 85 4450011-2,0,130
Re 450,91 85 4450010-4,0,130
Re 450,91 85 4450009-6,0,130
Re 450,91 85 4450008-8,0,130
Re 450,91 85 4450007-0,0,130
Re 450,91 85 4450006-2,0,130
Re 450,91 85 4450005-4,0,130
Re 450,91 85 4450004-7,0,130
Re 450,91 85 4450003-9,0,130
Re 450,91 85 4450002-1,0,130
Re 450,91 85 4450001-3,0,130
Re 450,91 85 4450000-5,0,130
Re 420,91 85 4420304-8,0,140
Re 420,91 85 4420303-0,0,140
Re 420,91 85 4420302-2,0,140
Re 420,91 85 4420301-4,0,140
Re 420,91 85 4420300-6,0,140
Re 420,91 85 4420299-0,0,140
Re 420,91 85 4420230-5,0,140
Re 420,91 85 4420229-7,0,140
Re 420,91 85 4420228-9,0,140
Re 420,91 85 4420227-1,0,140
Re 420,91 85 4420226-3,0,140
Re 420,91 85 4420225-5,0,140
Re 420,91 85 4420224-8,0,140
Re 420,91 85 4420223-0,0,140
Re 420,91 85 4420222-2,0,140
Re 420,91 85 4420221-4,0,140
Re 420,91 85 4420220-6,0,140
Re 420,91 85 4420219-8,0,140
Re 420,91 85 4420218-0,0,140
Re 420,91 85 4420217-2,0,140
Re 420,91 85 4420216-4,0,140
Re 420,91 85 4420215-6,0,140
Re 420,91 85 4420214-9,0,140
Re 420,91 85 4420213-1,0,140
Re 420,91 85 4420212-3,0,140
Re 420,91 85 4420211-5,0,140
Re 420,91 85 4420210-7,0,140
Re 420,91 85 4420209-9,0,140
Re 420,91 85 4420208-1,0,140
Re 420,91 85 4420207-3,0,140
Re 420,91 85 4420206-5,0,140
Re 420,91 85 4420205-7,0,140
Re 420,91 85 4420204-0,0,140
Re 420,91 85 4420203-2,0,140
Re 420,91 85 4420202-4,0,140
Re 420,91 85 4420201-6,0,140
Re 420,91 85 4420200-8,0,140
Re 420,91 85 4420199-2,0,140
Re 420,91 85 4420198-4,0,140
Re 420,91 85 4420197-6,0,140
Re 420,91 85 4420196-8,0,140
Re 420,91 85 4420195-0,0,140
Re 420,91 85 4420194-3,0,140
Re 420,91 85 4420193-5,0,140
Re 420,91 85 4420192-7,0,140
Re 420,91 85 4420191-9,0,140
Re 420,91 85 4420181-0,0,140
Re 420,91 85 4420172-9,0,140
Re 420,91 85 4420164-6,0,140
Re 420,91 85 4420161-2,0,140
Re 420,91 85 4420159-6,0,140
Re 420,91 85 4420158-8,0,140
Re 420,91 85 4420157-0,0,140
Re 420,91 85 4420156-2,0,140
Re 420,91 85 4420154-7,0,140
Re 420,91 85 4420153-9,0,140
Re 420,91 85 4420152-1,0,140
Re 420,91 85 4420149-7,0,140
Re 420,91 85 4420148-9,0,140
Re 420,91 85 4420146-3,0,140
Re 420,91 85 4420145-5,0,140
Re 420,91 85 4420144-8,0,140
Re 420,91 85 4420143-0,0,140
Re 420,91 85 4420141-4,0,140
Re 420,91 85 4420140-6,0,140
Re 420,91 85 4420136-4,0,140
Re 420,91 85 4420133-1,0,140
Re 420,91 85 4420131-5,0,140
Re 420,91 85 4420130-7,0,140
Re 420,91 85 4420127-3,0,140
Re 420,91 85 4420126-5,0,140
Re 420,91 85 4420121-6,0,140
Re 420,91 85 4420116-6,0,140
Re 420,91 85 4420114-1,0,140
Re 420,91 85 4420112-5,0,140
Re 420,91 85 4420109-1,0,140
Re 420,91 85 4420108-3,0,140
Bpm EC RIC,61 85 2090354-2,77,200
Bpm EC RIC,61 85 2090353-4,77,200
Bpm EC RIC,61 85 2090352-6,77,200
Bpm EC RIC,61 85 2090351-8,77,200
Bpm EC RIC,61 85 2090350-0,77,200
Bpm EC RIC,61 85 2090349-2,77,200
Bpm EC RIC,61 85 2090348-4,77,200
Bpm EC RIC,61 85 2090347-6,77,200
Bpm EC RIC,61 85 2090346-8,77,200
Bpm EC RIC,61 85 2090345-0,77,200
Bpm EC RIC,61 85 2090344-3,77,200
Bpm EC RIC,61 85 2090343-5,77,200
Bpm EC RIC,61 85 2090342-7,77,200
Bpm EC RIC,61 85 2090341-9,77,200
Bpm EC RIC,61 85 2090340-1,77,200
Bpm EC RIC,61 85 2090339-3,77,200
Bpm EC RIC,61 85 2090338-5,77,200
Bpm EC RIC,61 85 2090337-7,77,200
Bpm EC RIC,61 85 2090336-9,77,200
Bpm EC RIC,61 85 2090335-1,77,200
Bpm EC RIC,61 85 2090334-4,77,200
Bpm EC RIC,61 85 2090333-6,77,200
Bpm EC RIC,61 85 2090332-8,77,200
Bpm EC RIC,61 85 2090331-0,77,200
Bpm EC RIC,61 85 2090330-2,77,200
Bpm EC RIC,61 85 2090329-4,77,200
Bpm EC RIC,61 85 2090328-6,77,200
Bpm EC RIC,61 85 2090327-8,77,200
Bpm EC RIC,61 85 2090326-0,77,200
Bpm EC RIC,61 85 2090325-2,77,200
Bpm EC RIC,61 85 2090324-5,77,200
Bpm EC RIC,61 85 2090323-7,77,200
Bpm EC RIC,61 85 2090322-9,77,200
Bpm EC RIC,61 85 2090321-1,77,200
Bpm EC RIC,61 85 2090320-3,77,200
Bpm EC RIC,61 85 2090319-5,77,200
Bpm EC RIC,61 85 2090318-7,77,200
Bpm EC RIC,61 85 2090317-9,77,200
Bpm EC RIC,61 85 2090316-1,77,200
Bpm EC RIC,61 85 2090315-3,77,200
Bpm EC RIC,61 85 2090314-6,77,200
Bpm EC RIC,61 85 2090313-8,77,200
Bpm EC RIC,61 85 2090312-0,77,200
Bpm EC RIC,61 85 2090311-2,77,200
Bpm EC RIC,61 85 2090310-4,77,200
Bpm EC RIC,61 85 2090309-6,77,200
Bpm EC RIC,61 85 2090308-8,77,200
Bpm EC RIC,61 85 2090307-0,77,200
Bpm EC RIC,61 85 2090305-4,77,200
Bpm EC RIC,61 85 2090304-7,77,200
Bpm EC RIC,61 85 2090303-9,77,200
Bpm EC RIC,61 85 2090302-1,77,200
Bpm EC RIC,61 85 2090301-3,77,200
Bpm EC RIC,61 85 2090300-5,77,200
Bpm EC RIC,61 85 2090299-9,77,200
Bpm EC RIC,61 85 2090298-1,77,200
Bpm EC RIC,61 85 2090297-3,77,200
Bpm EC RIC,61 85 2090296-5,77,200
Bpm EC RIC,61 85 2090295-7,77,200
Bpm EC RIC,61 85 2090294-0,77,200
Bpm EC RIC,61 85 2090293-2,77,200
Bpm EC RIC,61 85 2090292-4,77,200
Bpm EC RIC,61 85 2090291-6,77,200
Bpm EC RIC,61 85 2090290-8,77,200
Bpm EC RIC,61 85 2090289-0,77,200
Bpm EC RIC,61 85 2090288-2,77,200
Bpm EC RIC,61 85 2090287-4,77,200
Bpm EC RIC,61 85 2090286-6,77,200
Bpm EC RIC,61 85 2090285-8,77,200
Bpm EC RIC,61 85 2090284-1,77,200
Bpm EC RIC,61 85 2090283-3,77,200
Bpm EC RIC,61 85 2090282-5,77,200
Bpm EC RIC,61 85 2090281-7,77,200
Bpm EC RIC,61 85 2090280-9,77,200
Bpm EC RIC,61 85 2090279-1,77,200
Bpm EC RIC,61 85 2090278-3,77,200
Bpm EC RIC,61 85 2090277-5,77,200
Bpm EC RIC,61 85 2090276-7,77,200
Bpm EC RIC,61 85 2090275-9,77,200
Bpm EC RIC,61 85 2090274-2,77,200
Bpm EC RIC,61 85 2090273-4,77,200
Bpm EC RIC,61 85 2090272-6,77,200
Bpm EC RIC,61 85 2090271-8,77,200
Bpm EC RIC,61 85 2090270-0,77,200
Bpm EC RIC,61 85 2090269-2,77,200
Bpm EC RIC,61 85 2090268-4,77,200
Bpm EC RIC,61 85 2090267-6,77,200
Bpm EC RIC,61 85 2090266-8,77,200
Bpm EC RIC,61 85 2090265-0,77,200
Bpm EC RIC,61 85 2090264-3,77,200
Bpm EC RIC,61 85 2090263-5,77,200
Bpm EC RIC,61 85 2090262-7,77,200
Bpm EC RIC,61 85 2090261-9,77,200
Bpm EC RIC,61 85 2090260-1,77,200
Bpm EC RIC,61 85 2090259-3,77,200
Bpm EC RIC,61 85 2090258-5,77,200
Bpm EC RIC,61 85 2090257-7,77,200
Bpm EC RIC,61 85 2090256-9,77,200
Bpm EC RIC,61 85 2090255-1,77,200
Bpm EC RIC,61 85 2090254-4,77,200
Bpm EC RIC,61 85 2090253-6,77,200
Bpm EC RIC,61 85 2090252-8,77,200
Bpm EC RIC,61 85 2090251-0,77,200
Bpm EC RIC,61 85 2090250-2,77,200
Bpm EC RIC,61 85 2090249-4,77,200
Bpm EC RIC,61 85 2090248-6,77,200
Bpm EC RIC,61 85 2090247-8,77,200
Bpm EC RIC,61 85 2090246-0,77,200
Bpm EC RIC,61 85 2090245-2,77,200
Bpm EC RIC,61 85 2090243-7,77,200
Bpm EC RIC,61 85 2090242-9,77,200
Bpm EC RIC,61 85 2090241-1,77,200
Bpm EC RIC,61 85 2090240-3,77,200
Bpm EC RIC,61 85 2090239-5,77,200
Bpm EC RIC,61 85 2090238-7,77,200
Bpm EC RIC,61 85 2090237-9,77,200
Bpm EC RIC,61 85 2090236-1,77,200
Bpm EC RIC,61 85 2090235-3,77,200
Bpm EC RIC,61 85 2090234-6,77,200
Bpm EC RIC,61 85 2090233-8,77,200
Bpm EC RIC,61 85 2090232-0,77,200
Bpm EC RIC,61 85 2090231-2,77,200
Bpm EC RIC,61 85 2090230-4,77,200
Bpm EC RIC,61 85 2090229-6,77,200
Bpm EC RIC,61 85 2090228-8,77,200
Bpm EC RIC,61 85 2090227-0,77,200
Bpm EC RIC,61 85 2090226-2,77,200
Bpm EC RIC,61 85 2090225-4,77,200
Bpm EC RIC,61 85 2090224-7,77,200
Bpm EC RIC,61 85 2090223-9,77,200
Bpm EC RIC,61 85 2090222-1,77,200
Bpm EC RIC,61 85 2090221-3,77,200
Bpm EC RIC,61 85 2090219-7,77,200
Bpm EC RIC,61 85 2090218-9,77,200
Bpm EC RIC,61 85 2090217-1,77,200
Bpm EC RIC,61 85 2090216-3,77,200
Bpm EC RIC,61 85 2090215-5,77,200
Bpm EC RIC,61 85 2090214-8,77,200
Bpm EC RIC,61 85 2090213-0,77,200
Bpm EC RIC,61 85 2090212-2,77,200
Bpm EC RIC,61 85 2090211-4,77,200
Bpm EC RIC,61 85 2090210-6,77,200
Bpm EC RIC,61 85 2090209-8,77,200
Bpm EC RIC,61 85 2090208-0,77,200
Bpm EC RIC,61 85 2090207-2,77,200
Bpm EC RIC,61 85 2090206-4,77,200
Bpm EC RIC,61 85 2090205-6,77,200
Bpm EC RIC,61 85 2090204-9,77,200
Bpm EC RIC,61 85 2090203-1,77,200
Bpm EC RIC,61 85 2090202-3,77,200
Bpm EC RIC,61 85 2090201-5,77,200
Bpm EC RIC,61 85 2090200-7,77,200
Apm Pano RIC,61 85 1990111-9,54,200
Apm Pano RIC,61 85 1990110-1,54,200
Apm Pano RIC,61 85 1990109-3,54,200
Apm Pano RIC,61 85 1990108-5,54,200
Apm Pano RIC,61 85 1990107-7,54,200
Apm Pano RIC,61 85 1990106-9,54,200
Apm Pano RIC,61 85 1990105-1,54,200
Apm Pano RIC,61 85 1990104-4,54,200
Apm Pano RIC,61 85 1990103-6,54,200
Apm Pano RIC,61 85 1990102-8,54,200
Apm Pano RIC,61 85 1990101-0,54,200
Apm Pano RIC,61 85 1990100-2,54,200
Apm EC RIC,61 85 1090269-4,60,200
Apm EC RIC,61 85 1090268-6,60,200
Apm EC RIC,61 85 1090267-8,60,200
Apm EC RIC,61 85 1090266-0,60,200
Apm EC RIC,61 85 1090265-2,60,200
Apm EC RIC,61 85 1090264-5,60,200
Apm EC RIC,61 85 1090262-9,60,200
Apm EC RIC,61 85 1090261-1,60,200
Apm EC RIC,61 85 1090260-3,60,200
Apm EC RIC,61 85 1090259-5,60,200
Apm EC RIC,61 85 1090258-7,60,200
Apm EC RIC,61 85 1090257-9,60,200
Apm EC RIC,61 85 1090256-1,60,200
Apm EC RIC,61 85 1090255-3,60,200
Apm EC RIC,61 85 1090254-6,60,200
Apm EC RIC,61 85 1090253-8,60,200
Apm EC RIC,61 85 1090252-0,60,200
Apm EC RIC,61 85 1090251-2,60,200
Apm EC RIC,61 85 1090250-4,60,200
Apm EC RIC,61 85 1090249-6,60,200
Apm EC RIC,61 85 1090248-8,60,200
Apm EC RIC,61 85 1090246-2,60,200
Apm EC RIC,61 85 1090245-4,60,200
Apm EC RIC,61 85 1090244-7,60,200
Apm EC RIC,61 85 1090243-9,60,200
Apm EC RIC,61 85 1090242-1,60,200
Apm EC RIC,61 85 1090241-3,60,200
Apm EC RIC,61 85 1090240-5,60,200
Apm EC RIC,61 85 1090239-7,60,200
Apm EC RIC,61 85 1090238-9,60,200
Apm EC RIC,61 85 1090237-1,60,200
Apm EC RIC,61 85 1090236-3,60,200
Apm EC RIC,61 85 1090235-5,60,200
Apm EC RIC,61 85 1090234-8,60,200
Apm EC RIC,61 85 1090233-0,60,200
Apm EC RIC,61 85 1090232-2,60,200
Apm EC RIC,61 85 1090231-4,60,200
Apm EC RIC,61 85 1090230-6,60,200
Apm EC RIC,61 85 1090229-8,60,200
Apm EC RIC,61 85 1090228-0,60,200
Apm EC RIC,61 85 1090227-2,60,200
Apm EC RIC,61 85 1090226-4,60,200
Apm EC RIC,61 85 1090225-6,60,200
Apm EC RIC,61 85 1090224-9,60,200
Apm EC RIC,61 85 1090223-1,60,200
Apm EC RIC,61 85 1090222-3,60,200
Apm EC RIC,61 85 1090221-5,60,200
Apm EC RIC,61 85 1090220-7,60,200
Apm EC RIC,61 85 1090219-9,60,200
Apm EC RIC,61 85 1090218-1,60,200
Apm EC RIC,61 85 1090217-3,60,200
Apm EC RIC,61 85 1090216-5,60,200
Apm EC RIC,61 85 1090215-7,60,200
Apm EC RIC,61 85 1090214-0,60,200
Apm EC RIC,61 85 1090213-2,60,200
Apm EC RIC,61 85 1090212-4,60,200
Apm EC RIC,61 85 1090211-6,60,200
Apm EC RIC,61 85 1090210-8,60,200
Apm EC RIC,61 85 1090209-0,60,200
Apm EC RIC,61 85 1090208-2,60,200
Apm EC RIC,61 85 1090207-4,60,200
Apm EC RIC,61 85 1090206-6,60,200
Apm EC RIC,61 85 1090205-8,60,200
Apm EC RIC,61 85 1090204-1,60,200
Apm EC RIC,61 85 1090203-3,60,200
Apm EC RIC,61 85 1090202-5,60,200
Apm EC RIC,61 85 1090201-7,60,200
Apm EC RIC,61 85 1090200-9,60,200
AD IC2000,50 85 8694039-9,61,200
AD IC2000,50 85 8694038-1,61,200
AD IC2000,50 85 8694037-3,61,200
AD IC2000,50 85 8694036-5,61,200
AD IC2000,50 85 8694035-7,61,200
AD IC2000,50 85 8694034-0,61,200
AD IC2000,50 85 8694033-2,61,200
AD IC2000,50 85 8694032-4,61,200
AD IC2000,50 85 8694031-6,61,200
AD IC2000,50 85 8694030-8,61,200
AD IC2000,50 85 8694029-0,61,200
AD IC2000,50 85 8694028-2,61,200
AD IC2000,50 85 8694027-4,61,200
AD IC2000,50 85 8694026-6,61,200
AD IC2000,50 85 8694025-8,61,200
AD IC2000,50 85 8694024-1,61,200
AD IC2000,50 85 8694023-3,61,200
AD IC2000,50 85 8694022-5,61,200
AD IC2000,50 85 8694021-7,61,200
AD IC2000,50 85 8694020-9,61,200
AD IC2000,50 85 8694019-1,61,200
AD IC2000,50 85 8694018-3,61,200
AD IC2000,50 85 8694017-5,61,200
AD IC2000,50 85 8694016-7,61,200
AD IC2000,50 85 8694015-9,61,200
AD IC2000,50 85 8694014-2,61,200
AD IC2000,50 85 8694013-4,61,200
AD IC2000,50 85 8694012-6,61,200
AD IC2000,50 85 8694011-8,61,200
AD IC2000,50 85 8694010-0,61,200
AD IC2000,50 85 8694009-2,61,200
AD IC2000,50 85 8694008-4,61,200
AD IC2000,50 85 8694007-6,61,200
AD IC2000,50 85 8694006-8,61,200
AD IC2000,50 85 8694005-0,61,200
AD IC2000,50 85 8694004-3,61,200
AD IC2000,50 85 8694003-5,61,200
AD IC2000,50 85 8694002-7,61,200
AD IC2000,50 85 8694001-9,61,200
AS EWIV 200,50 85 8195035-1,46,200
AS EWIV 200,50 85 8195034-4,46,200
AS EWIV 200,50 85 8195033-6,46,200
AS EWIV 200,50 85 8195032-8,46,200
AS EWIV 200,50 85 8195030-2,46,200
AS EWIV 200,50 85 8195029-4,46,200
AS EWIV 200,50 85 8195028-6,46,200
AS EWIV 200,50 85 8195027-8,46,200
AS EWIV 200,50 85 8195026-0,46,200
AS EWIV 200,50 85 8195025-2,46,200
AS EWIV 200,50 85 8195024-5,46,200
AS EWIV 200,50 85 8195023-7,46,200
AS EWIV 200,50 85 8195022-9,46,200
AS EWIV 200,50 85 8195021-1,46,200
AS EWIV 200,50 85 8195020-3,46,200
AS EWIV 200,50 85 8195019-5,46,200
AS EWIV 200,50 85 8195018-7,46,200
AS EWIV 200,50 85 8195017-9,46,200
AS EWIV 200,50 85 8195016-1,46,200
AS EWIV 200,50 85 8195015-3,46,200
AS EWIV 200,50 85 8195014-6,46,200
AS EWIV 200,50 85 8195013-8,46,200
AS EWIV 200,50 85 8195012-0,46,200
AS EWIV 200,50 85 8195011-2,46,200
AS EWIV 200,50 85 8195010-4,46,200
AS EWIV 200,50 85 8195008-8,46,200
AS EWIV 200,50 85 8195006-2,46,200
AS EWIV 200,50 85 8195005-4,46,200
AS EWIV 200,50 85 8195004-7,46,200
AS EWIV 200,50 85 8195003-9,46,200
AS EWIV 200,50 85 8195002-1,46,200
AS EWIV 200,50 85 8195001-3,46,200
AB DPZplus,50 85 3633114-5,120,130
AB DPZplus,50 85 3633113-7,120,130
AB DPZplus,50 85 3633112-9,120,130
AB DPZplus,50 85 3633111-1,120,130
AB DPZplus,50 85 3633110-3,120,130
AB DPZplus,50 85 3633109-5,120,130
AB DPZplus,50 85 3633108-7,120,130
AB DPZplus,50 85 3633107-9,120,130
AB DPZplus,50 85 3633106-1,120,130
AB DPZplus,50 85 3633105-3,120,130
AB DPZplus,50 85 3633104-6,120,130
AB DPZplus,50 85 3633103-8,120,130
AB DPZplus,50 85 3633102-0,120,130
AB DPZplus,50 85 3633101-2,120,130
AB DPZplus,50 85 3633100-4,120,130
AB DPZplus,50 85 3633099-8,120,130
AB DPZplus,50 85 3633098-0,120,130
AB DPZplus,50 85 3633097-2,120,130
AB DPZplus,50 85 3633096-4,120,130
AB DPZplus,50 85 3633095-6,120,130
AB DPZplus,50 85 3633094-9,120,130
AB DPZplus,50 85 3633093-1,120,130
AB DPZplus,50 85 3633092-3,120,130
AB DPZplus,50 85 3633091-5,120,130
AB DPZplus,50 85 3633090-7,120,130
AB DPZplus,50 85 3633089-9,120,130
AB DPZplus,50 85 3633088-1,120,130
AB DPZplus,50 85 3633087-3,120,130
AB DPZplus,50 85 3633086-5,120,130
AB DPZplus,50 85 3633085-7,120,130
AB DPZplus,50 85 3633084-0,120,130
AB DPZplus,50 85 3633083-2,120,130
AB DPZplus,50 85 3633082-4,120,130
AB DPZplus,50 85 3633081-6,120,130
AB DPZplus,50 85 3633080-8,120,130
AB DPZplus,50 85 3633079-0,120,130
AB DPZplus,50 85 3633078-2,120,130
AB DPZplus,50 85 3633077-4,120,130
AB DPZplus,50 85 3633076-6,120,130
AB DPZplus,50 85 3633075-8,120,130
AB DPZplus,50 85 3633074-1,120,130
AB DPZplus,50 85 3633073-3,120,130
AB DPZplus,50 85 3633072-5,120,130
AB DPZplus,50 85 3633071-7,120,130
AB DPZplus,50 85 3633070-9,120,130
AB DPZplus,50 85 3633068-3,120,130
AB DPZplus,50 85 3633066-7,120,130
AB DPZplus,50 85 3633065-9,120,130
AB DPZplus,50 85 3633064-2,120,130
AB DPZplus,50 85 3633063-4,120,130
AB DPZplus,50 85 3633062-6,120,130
AB DPZplus,50 85 3633061-8,120,130
AB DPZplus,50 85 3633060-0,120,130
AB DPZplus,50 85 3633059-2,120,130
AB DPZplus,50 85 3633058-4,120,130
AB DPZplus,50 85 3633057-6,120,130
AB DPZplus,50 85 3633056-8,120,130
AB DPZplus,50 85 3633055-0,120,130
AB DPZplus,50 85 3633054-3,120,130
AB DPZplus,50 85 3633053-5,120,130
AB DPZplus,50 85 3633052-7,120,130
AB DPZplus,50 85 3633051-9,120,130
AB DPZplus,50 85 3633050-1,120,130
AB DPZplus,50 85 3633049-3,120,130
AB DPZplus,50 85 3633048-5,120,130
AB DPZplus,50 85 3633047-7,120,130
AB DPZplus,50 85 3633046-9,120,130
AB DPZplus,50 85 3633045-1,120,130
AB DPZplus,50 85 3633044-4,120,130
AB DPZplus,50 85 3633043-6,120,130
AB DPZplus,50 85 3633042-8,120,130
AB DPZplus,50 85 3633041-0,120,130
AB DPZplus,50 85 3633040-2,120,130
AB DPZplus,50 85 3633039-4,120,130
AB DPZplus,50 85 3633038-6,120,130
AB DPZplus,50 85 3633037-8,120,130
AB DPZplus,50 85 3633036-0,120,130
AB DPZplus,50 85 3633035-2,120,130
AB DPZplus,50 85 3633034-5,120,130
AB DPZplus,50 85 3633033-7,120,130
AB DPZplus,50 85 3633032-9,120,130
AB DPZplus,50 85 3633031-1,120,130
AB DPZplus,50 85 3633030-3,120,130
AB DPZplus,50 85 3633029-5,120,130
AB DPZplus,50 85 3633028-7,120,130
AB DPZplus,50 85 3633027-9,120,130
AB DPZplus,50 85 3633026-1,120,130
AB DPZplus,50 85 3633025-3,120,130
AB DPZplus,50 85 3633024-6,120,130
AB DPZplus,50 85 3633023-8,120,130
AB DPZplus,50 85 3633022-0,120,130
AB DPZplus,50 85 3633021-2,120,130
AB DPZplus,50 85 3633020-4,120,130
AB DPZplus,50 85 3633019-6,120,130
AB DPZplus,50 85 3633018-8,120,130
AB DPZplus,50 85 3633017-0,120,130
AB DPZplus,50 85 3633016-2,120,130
AB DPZplus,50 85 3633015-4,120,130
AB DPZplus,50 85 3633014-7,120,130
AB DPZplus,50 85 3633013-9,120,130
AB DPZplus,50 85 3633012-1,120,130
AB DPZplus,50 85 3633011-3,120,130
AB DPZplus,50 85 3633010-5,120,130
AB DPZplus,50 85 3633009-7,120,130
AB DPZplus,50 85 3633008-9,120,130
AB DPZplus,50 85 3633007-1,120,130
AB DPZplus,50 85 3633006-3,120,130
AB DPZplus,50 85 3633005-5,120,130
AB DPZplus,50 85 3633004-8,120,130
AB DPZplus,50 85 3633003-0,120,130
AB DPZplus,50 85 3633002-2,120,130
AB DPZplus,50 85 3633001-4,120,130
AB DPZplus,50 85 3633000-6,120,130
Bt EWIV,50 85 2894989-6,60,200
Bt EWIV,50 85 2894988-8,60,200
Bt EWIV,50 85 2894987-0,60,200
Bt EWIV,50 85 2894986-2,60,200
Bt EWIV,50 85 2894985-4,60,200
Bt EWIV,50 85 2894984-7,60,200
Bt EWIV,50 85 2894983-9,60,200
Bt EWIV,50 85 2894982-1,60,200
Bt EWIV,50 85 2894981-3,60,200
Bt EWIV,50 85 2894980-5,60,200
Bt EWIV,50 85 2894979-7,60,200
Bt EWIV,50 85 2894978-9,60,200
Bt EWIV,50 85 2894977-1,60,200
Bt EWIV,50 85 2894976-3,60,200
Bt EWIV,50 85 2894975-5,60,200
Bt EWIV,50 85 2894974-8,60,200
Bt EWIV,50 85 2894973-0,60,200
Bt EWIV,50 85 2894972-2,60,200
Bt EWIV,50 85 2894971-4,60,200
Bt EWIV,50 85 2894970-6,60,200
Bt EWIV,50 85 2894969-8,60,200
Bt EWIV,50 85 2894968-0,60,200
Bt EWIV,50 85 2894967-2,60,200
Bt EWIV,50 85 2894966-4,60,200
Bt EWIV,50 85 2894965-6,60,200
Bt EWIV,50 85 2894964-9,60,200
Bt EWIV,50 85 2894963-1,60,200
Bt EWIV,50 85 2894962-3,60,200
Bt EWIV,50 85 2894961-5,60,200
Bt EWIV,50 85 2894960-7,60,200
Bt EWIV,50 85 2894959-9,60,200
Bt EWIV,50 85 2894958-1,60,200
Bt EWIV,50 85 2894957-3,60,200
Bt EWIV,50 85 2894956-5,60,200
Bt EWIV,50 85 2894955-7,60,200
Bt EWIV,50 85 2894954-0,60,200
Bt EWIV,50 85 2894953-2,60,200
Bt EWIV,50 85 2894952-4,60,200
Bt EWIV,50 85 2894951-6,60,200
Bt EWIV,50 85 2894950-8,60,200
Bt EWIV,50 85 2894949-0,60,200
Bt EWIV,50 85 2894948-2,60,200
Bt EWIV,50 85 2894947-4,60,200
Bt EWIV,50 85 2894946-6,60,200
Bt EWIV,50 85 2894945-8,60,200
Bt EWIV,50 85 2894944-1,60,200
Bt EWIV,50 85 2894943-3,60,200
Bt EWIV,50 85 2894942-5,60,200
Bt EWIV,50 85 2894941-7,60,200
Bt EWIV,50 85 2894940-9,60,200
Bt EWIV,50 85 2894939-1,60,200
Bt EWIV,50 85 2894938-3,60,200
Bt EWIV,50 85 2894937-5,60,200
Bt EWIV,50 85 2894936-7,60,200
Bt EWIV,50 85 2894935-9,60,200
Bt EWIV,50 85 2894934-2,60,200
Bt EWIV,50 85 2894933-4,60,200
Bt EWIV,50 85 2894932-6,60,200
Bt EWIV,50 85 2894931-8,60,200
Bt EWIV,50 85 2894930-0,60,200
Bt EWIV,50 85 2894929-2,60,200
Bt EWIV,50 85 2894928-4,60,200
Bt EWIV,50 85 2894927-6,60,200
Bt EWIV,50 85 2894926-8,60,200
Bt EWIV,50 85 2894925-0,60,200
Bt EWIV,50 85 2894924-3,60,200
Bt EWIV,50 85 2894923-5,60,200
Bt EWIV,50 85 2894922-7,60,200
Bt EWIV,50 85 2894921-9,60,200
Bt EWIV,50 85 2894920-1,60,200
Bt EWIV,50 85 2894919-3,60,200
Bt EWIV,50 85 2894918-5,60,200
Bt EWIV,50 85 2894917-7,60,200
Bt EWIV,50 85 2894916-9,60,200
Bt EWIV,50 85 2894915-1,60,200
Bt EWIV,50 85 2894914-4,60,200
Bt EWIV,50 85 2894913-6,60,200
Bt EWIV,50 85 2894912-8,60,200
Bt EWIV,50 85 2894911-0,60,200
Bt EWIV,50 85 2894910-2,60,200
Bt EWIV,50 85 2894909-4,60,200
Bt EWIV,50 85 2894908-6,60,200
Bt EWIV,50 85 2894907-8,60,200
Bt EWIV,50 85 2894906-0,60,200
Bt EWIV,50 85 2894905-2,60,200
Bt EWIV,50 85 2894904-5,60,200
Bt EWIV,50 85 2894903-7,60,200
Bt EWIV,50 85 2894902-9,60,200
Bt EWIV,50 85 2894901-1,60,200
Bt EWIV,50 85 2894900-3,60,200
Bt IC2000,50 85 2694939-3,98,200
Bt IC2000,50 85 2694938-5,98,200
Bt IC2000,50 85 2694937-7,98,200
Bt IC2000,50 85 2694936-9,98,200
Bt IC2000,50 85 2694935-1,98,200
Bt IC2000,50 85 2694934-4,98,200
Bt IC2000,50 85 2694933-6,98,200
Bt IC2000,50 85 2694932-8,98,200
Bt IC2000,50 85 2694931-0,98,200
Bt IC2000,50 85 2694930-2,98,200
Bt IC2000,50 85 2694929-4,98,200
Bt IC2000,50 85 2694928-6,98,200
Bt IC2000,50 85 2694927-8,98,200
Bt IC2000,50 85 2694926-0,98,200
Bt IC2000,50 85 2694925-2,98,200
Bt IC2000,50 85 2694924-5,98,200
Bt IC2000,50 85 2694923-7,98,200
Bt IC2000,50 85 2694922-9,98,200
Bt IC2000,50 85 2694921-1,98,200
Bt IC2000,50 85 2694920-3,98,200
Bt IC2000,50 85 2694919-5,98,200
Bt IC2000,50 85 2694918-7,98,200
Bt IC2000,50 85 2694917-9,98,200
Bt IC2000,50 85 2694916-1,98,200
Bt IC2000,50 85 2694915-3,98,200
Bt IC2000,50 85 2694914-6,98,200
Bt IC2000,50 85 2694913-8,98,200
Bt IC2000,50 85 2694912-0,98,200
Bt IC2000,50 85 2694911-2,98,200
Bt IC2000,50 85 2694910-4,98,200
Bt IC2000,50 85 2694909-6,98,200
Bt IC2000,50 85 2694908-8,98,200
Bt IC2000,50 85 2694907-0,98,200
Bt IC2000,50 85 2694906-2,98,200
Bt IC2000,50 85 2694905-4,98,200
Bt IC2000,50 85 2694904-7,98,200
Bt IC2000,50 85 2694903-9,98,200
Bt IC2000,50 85 2694902-1,98,200
Bt IC2000,50 85 2694901-3,98,200
Bt IC2000,50 85 2694900-5,98,200
B IC2000,50 85 2694148-1,126,200
B IC2000,50 85 2694147-3,126,200
B IC2000,50 85 2694146-5,126,200
B IC2000,50 85 2694145-7,126,200
B IC2000,50 85 2694144-0,126,200
B IC2000,50 85 2694143-2,126,200
B IC2000,50 85 2694142-4,126,200
B IC2000,50 85 2694141-6,126,200
B IC2000,50 85 2694140-8,126,200
B IC2000,50 85 2694139-0,126,200
B IC2000,50 85 2694138-2,126,200
B IC2000,50 85 2694137-4,126,200
B IC2000,50 85 2694136-6,126,200
B IC2000,50 85 2694135-8,126,200
B IC2000,50 85 2694134-1,126,200
B IC2000,50 85 2694133-3,126,200
B IC2000,50 85 2694132-5,126,200
B IC2000,50 85 2694131-7,126,200
B IC2000,50 85 2694130-9,126,200
B IC2000,50 85 2694129-1,126,200
B IC2000,50 85 2694128-3,126,200
B IC2000,50 85 2694127-5,126,200
B IC2000,50 85 2694126-7,126,200
B IC2000,50 85 2694125-9,126,200
B IC2000,50 85 2694124-2,126,200
B IC2000,50 85 2694123-4,126,200
B IC2000,50 85 2694122-6,126,200
B IC2000,50 85 2694121-8,126,200
B IC2000,50 85 2694120-0,126,200
B IC2000,50 85 2694119-2,126,200
B IC2000,50 85 2694118-4,126,200
B IC2000,50 85 2694117-6,126,200
B IC2000,50 85 2694116-8,126,200
B IC2000,50 85 2694115-0,126,200
B IC2000,50 85 2694114-3,126,200
B IC2000,50 85 2694113-5,126,200
B IC2000,50 85 2694112-7,126,200
B IC2000,50 85 2694111-9,126,200
B IC2000,50 85 2694110-1,126,200
B IC2000,50 85 2694109-3,126,200
B IC2000,50 85 2694108-5,126,200
B IC2000,50 85 2694107-7,126,200
B IC2000,50 85 2694106-9,126,200
B IC2000,50 85 2694105-1,126,200
B IC2000,50 85 2694104-4,126,200
B IC2000,50 85 2694103-6,126,200
B IC2000,50 85 2694102-8,126,200
B IC2000,50 85 2694101-0,126,200
B IC2000,50 85 2694100-2,126,200
B IC2000,50 85 2694099-6,126,200
B IC2000,50 85 2694098-8,126,200
B IC2000,50 85 2694097-0,126,200
B IC2000,50 85 2694096-2,126,200
B IC2000,50 85 2694095-4,126,200
B IC2000,50 85 2694094-7,126,200
B IC2000,50 85 2694093-9,126,200
B IC2000,50 85 2694092-1,126,200
B IC2000,50 85 2694091-3,126,200
B IC2000,50 85 2694090-5,126,200
B IC2000,50 85 2694089-7,126,200
B IC2000,50 85 2694088-9,126,200
B IC2000,50 85 2694087-1,126,200
B IC2000,50 85 2694086-3,126,200
B IC2000,50 85 2694085-5,126,200
B IC2000,50 85 2694084-8,126,200
B IC2000,50 85 2694083-0,126,200
B IC2000,50 85 2694082-2,126,200
B IC2000,50 85 2694081-4,126,200
B IC2000,50 85 2694080-6,126,200
B IC2000,50 85 2694079-8,126,200
B IC2000,50 85 2694078-0,126,200
B IC2000,50 85 2694077-2,126,200
B IC2000,50 85 2694076-4,126,200
B IC2000,50 85 2694075-6,126,200
B IC2000,50 85 2694074-9,126,200
B IC2000,50 85 2694073-1,126,200
B IC2000,50 85 2694072-3,126,200
B IC2000,50 85 2694071-5,126,200
B IC2000,50 85 2694070-7,126,200
B IC2000,50 85 2694069-9,126,200
B IC2000,50 85 2694068-1,126,200
B IC2000,50 85 2694067-3,126,200
B IC2000,50 85 2694066-5,126,200
B IC2000,50 85 2694065-7,126,200
B IC2000,50 85 2694064-0,126,200
B IC2000,50 85 2694063-2,126,200
B IC2000,50 85 2694062-4,126,200
B IC2000,50 85 2694061-6,126,200
B IC2000,50 85 2694060-8,126,200
B IC2000,50 85 2694059-0,126,200
B IC2000,50 85 2694058-2,126,200
B IC2000,50 85 2694057-4,126,200
B IC2000,50 85 2694056-6,126,200
B IC2000,50 85 2694055-8,126,200
B IC2000,50 85 2694054-1,126,200
B IC2000,50 85 2694053-3,126,200
B IC2000,50 85 2694052-5,126,200
B IC2000,50 85 2694051-7,126,200
B IC2000,50 85 2694050-9,126,200
B IC2000,50 85 2694049-1,126,200
B IC2000,50 85 2694048-3,126,200
B IC2000,50 85 2694047-5,126,200
B IC2000,50 85 2694046-7,126,200
B IC2000,50 85 2694045-9,126,200
B IC2000,50 85 2694044-2,126,200
B IC2000,50 85 2694043-4,126,200
B IC2000,50 85 2694042-6,126,200
B IC2000,50 85 2694041-8,126,200
B IC2000,50 85 2694040-0,126,200
B IC2000,50 85 2694039-2,126,200
B IC2000,50 85 2694038-4,126,200
B IC2000,50 85 2694037-6,126,200
B IC2000,50 85 2694036-8,126,200
B IC2000,50 85 2694035-0,126,200
B IC2000,50 85 2694034-3,126,200
B IC2000,50 85 2694033-5,126,200
B IC2000,50 85 2694032-7,126,200
B IC2000,50 85 2694031-9,126,200
B IC2000,50 85 2694030-1,126,200
B IC2000,50 85 2694029-3,126,200
B IC2000,50 85 2694028-5,126,200
B IC2000,50 85 2694027-7,126,200
B IC2000,50 85 2694026-9,126,200
B IC2000,50 85 2694025-1,126,200
B IC2000,50 85 2694024-4,126,200
B IC2000,50 85 2694023-6,126,200
B IC2000,50 85 2694022-8,126,200
B IC2000,50 85 2694021-0,126,200
B IC2000,50 85 2694020-2,126,200
B IC2000,50 85 2694019-4,126,200
B IC2000,50 85 2694018-6,126,200
B IC2000,50 85 2694017-8,126,200
B IC2000,50 85 2694016-0,126,200
B IC2000,50 85 2694015-2,126,200
B IC2000,50 85 2694014-5,126,200
B IC2000,50 85 2694013-7,126,200
B IC2000,50 85 2694012-9,126,200
B IC2000,50 85 2694011-1,126,200
B IC2000,50 85 2694010-3,126,200
B IC2000,50 85 2694009-5,126,200
B IC2000,50 85 2694008-7,126,200
B IC2000,50 85 2694007-9,126,200
B IC2000,50 85 2694006-1,126,200
B IC2000,50 85 2694005-3,126,200
B IC2000,50 85 2694004-6,126,200
B IC2000,50 85 2694003-8,126,200
B IC2000,50 85 2694002-0,126,200
B IC2000,50 85 2694001-2,126,200
B IC2000,50 85 2694000-4,126,200
B DPZ NDW,50 85 2673113-0,98,160
B DPZ NDW,50 85 2673112-2,98,160
B DPZ NDW,50 85 2673111-4,98,160
B DPZ NDW,50 85 2673110-6,98,160
B DPZ NDW,50 85 2673109-8,98,160
B DPZ NDW,50 85 2673108-0,98,160
B DPZ NDW,50 85 2673107-2,98,160
B DPZ NDW,50 85 2673106-4,98,160
B DPZ NDW,50 85 2673105-6,98,160
B DPZ NDW,50 85 2673104-9,98,160
B DPZ NDW,50 85 2673103-1,98,160
B DPZ NDW,50 85 2673102-3,98,160
B DPZ NDW,50 85 2673101-5,98,160
B DPZ NDW,50 85 2673100-7,98,160
B DPZ NDW,50 85 2673099-1,98,160
B DPZ NDW,50 85 2673098-3,98,160
B DPZ NDW,50 85 2673097-5,98,160
B DPZ NDW,50 85 2673096-7,98,160
B DPZ NDW,50 85 2673095-9,98,160
B DPZ NDW,50 85 2673094-2,98,160
B DPZ NDW,50 85 2673093-4,98,160
B DPZ NDW,50 85 2673092-6,98,160
B DPZ NDW,50 85 2673091-8,98,160
B DPZ NDW,50 85 2673090-0,98,160
B DPZ NDW,50 85 2673089-2,98,160
B DPZ NDW,50 85 2673088-4,98,160
B DPZ NDW,50 85 2673087-6,98,160
B DPZ NDW,50 85 2673086-8,98,160
B DPZ NDW,50 85 2673085-0,98,160
B DPZ NDW,50 85 2673084-3,98,160
B DPZ NDW,50 85 2673083-5,98,160
B DPZ NDW,50 85 2673082-7,98,160
B DPZ NDW,50 85 2673081-9,98,160
B DPZ NDW,50 85 2673080-1,98,160
B DPZ NDW,50 85 2673079-3,98,160
B DPZ NDW,50 85 2673078-5,98,160
B DPZ NDW,50 85 2673077-7,98,160
B DPZ NDW,50 85 2673076-9,98,160
B DPZ NDW,50 85 2673075-1,98,160
B DPZ NDW,50 85 2673074-4,98,160
B DPZ NDW,50 85 2673073-6,98,160
B DPZ NDW,50 85 2673072-8,98,160
B DPZ NDW,50 85 2673071-0,98,160
B DPZ NDW,50 85 2673070-2,98,160
B DPZ NDW,50 85 2673069-4,98,160
B DPZ NDW,50 85 2673068-6,98,160
B DPZ NDW,50 85 2673067-8,98,160
B DPZ NDW,50 85 2673066-0,98,160
B DPZ NDW,50 85 2673065-2,98,160
B DPZ NDW,50 85 2673064-5,98,160
B DPZ NDW,50 85 2673063-7,98,160
B DPZ NDW,50 85 2673062-9,98,160
B DPZ NDW,50 85 2673061-1,98,160
B DPZ NDW,50 85 2673060-3,98,160
B DPZ NDW,50 85 2673059-5,98,160
B DPZ NDW,50 85 2673058-7,98,160
B DPZ NDW,50 85 2673057-9,98,160
B DPZ NDW,50 85 2673056-1,98,160
B DPZ NDW,50 85 2673055-3,98,160
B DPZ NDW,50 85 2673054-6,98,160
B DPZ NDW,50 85 2673053-8,98,160
B DPZ NDW,50 85 2673052-0,98,160
B DPZ NDW,50 85 2673051-2,98,160
B DPZ NDW,50 85 2673050-4,98,160
B DPZ NDW,50 85 2673049-6,98,160
B DPZ NDW,50 85 2673048-8,98,160
B DPZ NDW,50 85 2673047-0,98,160
B DPZ NDW,50 85 2673046-2,98,160
B DPZ NDW,50 85 2673045-4,98,160
B DPZ NDW,50 85 2673044-7,98,160
B DPZ NDW,50 85 2673043-9,98,160
B DPZ NDW,50 85 2673042-1,98,160
B DPZ NDW,50 85 2673041-3,98,160
B DPZ NDW,50 85 2673040-5,98,160
B DPZ NDW,50 85 2673039-7,98,160
B DPZ NDW,50 85 2673038-9,98,160
B DPZ NDW,50 85 2673037-1,98,160
B DPZ NDW,50 85 2673036-3,98,160
B DPZ NDW,50 85 2673035-5,98,160
B DPZ NDW,50 85 2673034-8,98,160
B DPZ NDW,50 85 2673033-0,98,160
B DPZ NDW,50 85 2673032-2,98,160
B DPZ NDW,50 85 2673031-4,98,160
B DPZ NDW,50 85 2673030-6,98,160
B DPZ NDW,50 85 2673029-8,98,160
B DPZ NDW,50 85 2673028-0,98,160
B DPZ NDW,50 85 2673027-2,98,160
B DPZ NDW,50 85 2673026-4,98,160
B DPZ NDW,50 85 2673025-6,98,160
B DPZ NDW,50 85 2673024-9,98,160
B DPZ NDW,50 85 2673023-1,98,160
B DPZ NDW,50 85 2673022-3,98,160
B DPZ NDW,50 85 2673021-5,98,160
B DPZ NDW,50 85 2673020-7,98,160
B DPZ NDW,50 85 2673019-9,98,160
B DPZ NDW,50 85 2673018-1,98,160
B DPZ NDW,50 85 2673017-3,98,160
B DPZ NDW,50 85 2673016-5,98,160
B DPZ NDW,50 85 2673015-7,98,160
B DPZ NDW,50 85 2673014-0,98,160
B DPZ NDW,50 85 2673013-2,98,160
B DPZ NDW,50 85 2673012-4,98,160
B DPZ NDW,50 85 2673011-6,98,160
B DPZ NDW,50 85 2673010-8,98,160
B DPZ NDW,50 85 2673009-0,98,160
B DPZ NDW,50 85 2673008-2,98,160
B DPZ NDW,50 85 2673007-4,98,160
B DPZ NDW,50 85 2673006-6,98,160
B DPZ NDW,50 85 2673005-8,98,160
B DPZ NDW,50 85 2673004-1,98,160
B DPZ NDW,50 85 2673003-3,98,160
B DPZ NDW,50 85 2673002-5,98,160
B DPZ NDW,50 85 2673001-7,98,160
B HVZ,50 85 2633114-7,90,130
B HVZ,50 85 2633112-1,90,130
B HVZ,50 85 2633109-7,90,130
B HVZ,50 85 2633108-9,90,130
B HVZ,50 85 2633107-1,90,130
B HVZ,50 85 2633106-3,90,130
B HVZ,50 85 2633105-5,90,130
B HVZ,50 85 2633104-8,90,130
B HVZ,50 85 2633101-4,90,130
B HVZ,50 85 2633100-6,90,130
B HVZ,50 85 2633099-0,90,130
B HVZ,50 85 2633098-2,90,130
B HVZ,50 85 2633093-3,90,130
B HVZ,50 85 2633092-5,90,130
B HVZ,50 85 2633091-7,90,130
B HVZ,50 85 2633087-5,90,130
B HVZ,50 85 2633086-7,90,130
B HVZ,50 85 2633085-9,90,130
B HVZ,50 85 2633084-2,90,130
B HVZ,50 85 2633083-4,90,130
B HVZ,50 85 2633082-6,90,130
B HVZ,50 85 2633081-8,90,130
B HVZ,50 85 2633080-0,90,130
B HVZ,50 85 2633079-2,90,130
B HVZ,50 85 2633077-6,90,130
B HVZ,50 85 2633076-8,90,130
B HVZ,50 85 2633074-3,90,130
B HVZ,50 85 2633072-7,90,130
B HVZ,50 85 2633071-9,90,130
B HVZ,50 85 2633070-1,90,130
B HVZ,50 85 2633069-3,90,130
B HVZ,50 85 2633065-1,90,130
B HVZ,50 85 2633063-6,90,130
B HVZ,50 85 2633060-2,90,130
B HVZ,50 85 2633057-8,90,130
B HVZ,50 85 2633056-0,90,130
B HVZ,50 85 2633055-2,90,130
B HVZ,50 85 2633053-7,90,130
B HVZ,50 85 2633052-9,90,130
B HVZ,50 85 2633051-1,90,130
B HVZ,50 85 2633049-5,90,130
B HVZ,50 85 2633048-7,90,130
B HVZ,50 85 2633046-1,90,130
B HVZ,50 85 2633045-3,90,130
B HVZ,50 85 2633044-6,90,130
B HVZ,50 85 2633043-8,90,130
B HVZ,50 85 2633039-6,90,130
B HVZ,50 85 2633038-8,90,130
B HVZ,50 85 2633037-0,90,130
B HVZ,50 85 2633036-2,90,130
B HVZ,50 85 2633035-4,90,130
B HVZ,50 85 2633034-7,90,130
B HVZ,50 85 2633032-1,90,130
B HVZ,50 85 2633031-3,90,130
B HVZ,50 85 2633029-7,90,130
B HVZ,50 85 2633028-9,90,130
B HVZ,50 85 2633026-3,90,130
B HVZ,50 85 2633025-5,90,130
B HVZ,50 85 2633023-0,90,130
B HVZ,50 85 2633022-2,90,130
B HVZ,50 85 2633020-6,90,130
B HVZ,50 85 2633019-8,90,130
B HVZ,50 85 2633018-0,90,130
B HVZ,50 85 2633016-4,90,130
B HVZ,50 85 2633013-1,90,130
B HVZ,50 85 2633010-7,90,130
B HVZ,50 85 2633007-3,90,130
B HVZ,50 85 2633004-0,90,130
B HVZ,50 85 2633002-4,90,130
B HVZ,50 85 2633001-6,90,130
B EWIV 200,50 85 2195330-9,86,200
B EWIV 200,50 85 2195329-1,86,200
B EWIV 200,50 85 2195328-3,86,200
B EWIV 200,50 85 2195327-5,86,200
B EWIV 200,50 85 2195326-7,86,200
B EWIV 200,50 85 2195325-9,86,200
B EWIV 200,50 85 2195319-2,86,200
B EWIV 200,50 85 2195315-0,86,200
B EWIV 200,50 85 2195292-1,86,200
B EWIV 200,50 85 2195291-3,86,200
B EWIV 200,50 85 2195290-5,86,200
B EWIV 200,50 85 2195289-7,86,200
B EWIV 200,50 85 2195288-9,86,200
B EWIV 200,50 85 2195287-1,86,200
B EWIV 200,50 85 2195286-3,86,200
B EWIV 200,50 85 2195285-5,86,200
B EWIV 200,50 85 2195284-8,86,200
B EWIV 200,50 85 2195283-0,86,200
B EWIV 200,50 85 2195282-2,86,200
B EWIV 200,50 85 2195281-4,86,200
B EWIV 200,50 85 2195280-6,86,200
B EWIV 200,50 85 2195279-8,86,200
B EWIV 200,50 85 2195278-0,86,200
B EWIV 200,50 85 2195277-2,86,200
B EWIV 200,50 85 2195276-4,86,200
B EWIV 200,50 85 2195275-6,86,200
B EWIV 200,50 85 2195274-9,86,200
B EWIV 200,50 85 2195273-1,86,200
B EWIV 200,50 85 2195272-3,86,200
B EWIV 200,50 85 2195271-5,86,200
B EWIV 200,50 85 2195270-7,86,200
B EWIV 200,50 85 2195269-9,86,200
B EWIV 200,50 85 2195267-3,86,200
B EWIV 200,50 85 2195266-5,86,200
B EWIV 200,50 85 2195265-7,86,200
B EWIV 200,50 85 2195264-0,86,200
B EWIV 200,50 85 2195263-2,86,200
B EWIV 200,50 85 2195260-8,86,200
B EWIV 200,50 85 2195255-8,86,200
B EWIV 200,50 85 2195253-3,86,200
B EWIV 200,50 85 2195252-5,86,200
B EWIV 200,50 85 2195251-7,86,200
B EWIV 200,50 85 2195246-7,86,200
B EWIV 200,50 85 2195243-4,86,200
B EWIV 200,50 85 2195234-3,86,200
B EWIV 200,50 85 2195230-1,86,200
B EWIV 200,50 85 2195226-9,86,200
B EWIV 200,50 85 2195224-4,86,200
B EWIV 200,50 85 2195223-6,86,200
B EWIV 200,50 85 2195209-5,86,200
B EWIV 200,50 85 2195208-7,86,200
B EWIV 200,50 85 2195207-9,86,200
B EWIV 200,50 85 2195206-1,86,200
B EWIV 200,50 85 2195205-3,86,200
B EWIV 200,50 85 2195204-6,86,200
B EWIV 200,50 85 2195202-0,86,200
B EWIV 200,50 85 2195201-2,86,200
B EWIV 200,50 85 2195200-4,86,200
B EWIV 200,50 85 2195198-0,86,200
B EWIV 200,50 85 2195197-2,86,200
B EWIV 200,50 85 2195196-4,86,200
B EWIV 200,50 85 2195195-6,86,200
B EWIV 200,50 85 2195194-9,86,200
B EWIV 200,50 85 2195193-1,86,200
B EWIV 200,50 85 2195190-7,86,200
B EWIV 200,50 85 2195189-9,86,200
B EWIV 200,50 85 2195188-1,86,200
B EWIV 200,50 85 2195185-7,86,200
B EWIV 200,50 85 2195181-6,86,200
B EWIV 200,50 85 2195180-8,86,200
B EWIV 200,50 85 2195173-3,86,200
B EWIV 200,50 85 2195171-7,86,200
B EWIV 200,50 85 2195168-3,86,200
B EWIV 200,50 85 2195167-5,86,200
B EWIV 200,50 85 2195165-9,86,200
B EWIV 200,50 85 2195164-2,86,200
B EWIV 200,50 85 2195162-6,86,200
B EWIV 200,50 85 2195161-8,86,200
B EWIV 200,50 85 2195159-2,86,200
B EWIV 200,50 85 2195158-4,86,200
B EWIV 200,50 85 2195157-6,86,200
B EWIV 200,50 85 2195156-8,86,200
B EWIV 200,50 85 2195155-0,86,200
B EWIV 200,50 85 2195154-3,86,200
B EWIV 200,50 85 2195153-5,86,200
B EWIV 200,50 85 2195152-7,86,200
B EWIV 200,50 85 2195151-9,86,200
B EWIV 200,50 85 2195150-1,86,200
B EWIV 200,50 85 2195149-3,86,200
B EWIV 200,50 85 2195148-5,86,200
B EWIV 200,50 85 2195147-7,86,200
B EWIV 200,50 85 2195146-9,86,200
B EWIV 200,50 85 2195145-1,86,200
B EWIV 200,50 85 2195144-4,86,200
B EWIV 200,50 85 2195143-6,86,200
B EWIV 200,50 85 2195142-8,86,200
B EWIV 200,50 85 2195141-0,86,200
B EWIV 200,50 85 2195140-2,86,200
B EWIV 200,50 85 2195139-4,86,200
B EWIV 200,50 85 2195136-0,86,200
B EWIV 200,50 85 2195135-2,86,200
B EWIV 200,50 85 2195134-5,86,200
B EWIV 200,50 85 2195133-7,86,200
B EWIV 200,50 85 2195130-3,86,200
B EWIV 200,50 85 2195128-7,86,200
B EWIV 200,50 85 2195127-9,86,200
B EWIV 200,50 85 2195125-3,86,200
B EWIV 200,50 85 2195123-8,86,200
B EWIV 200,50 85 2195119-6,86,200
B EWIV 200,50 85 2195118-8,86,200
B EWIV 200,50 85 2195117-0,86,200
B EWIV 200,50 85 2195116-2,86,200
B EWIV 200,50 85 2195115-4,86,200
B EWIV 200,50 85 2195113-9,86,200
B EWIV 200,50 85 2195112-1,86,200
B EWIV 200,50 85 2195111-3,86,200
B EWIV 200,50 85 2195110-5,86,200
B EWIV 200,50 85 2195107-1,86,200
B EWIV 200,50 85 2195106-3,86,200
B EWIV 200,50 85 2195105-5,86,200
B EWIV 200,50 85 2195104-8,86,200
B EWIV 200,50 85 2195103-0,86,200
B EWIV 200,50 85 2195102-2,86,200
B EWIV 200,50 85 2195101-4,86,200
B EWIV 200,50 85 2195100-6,86,200
B EWIV 200,50 85 2195099-0,86,200
B EWIV 200,50 85 2195097-4,86,200
B EWIV 200,50 85 2195096-6,86,200
B EWIV 200,50 85 2195095-8,86,200
B EWIV 200,50 85 2195094-1,86,200
B EWIV 200,50 85 2195093-3,86,200
B EWIV 200,50 85 2195092-5,86,200
B EWIV 200,50 85 2195091-7,86,200
B EWIV 200,50 85 2195089-1,86,200
B EWIV 200,50 85 2195088-3,86,200
B EWIV 200,50 85 2195087-5,86,200
B EWIV 200,50 85 2195086-7,86,200
B EWIV 200,50 85 2195084-2,86,200
B EWIV 200,50 85 2195083-4,86,200
B EWIV 200,50 85 2195082-6,86,200
B EWIV 200,50 85 2195081-8,86,200
B EWIV 200,50 85 2195079-2,86,200
B EWIV 200,50 85 2195077-6,86,200
B EWIV 200,50 85 2195076-8,86,200
B EWIV 200,50 85 2195075-0,86,200
B EWIV 200,50 85 2195074-3,86,200
B EWIV 200,50 85 2195073-5,86,200
B EWIV 200,50 85 2195071-9,86,200
B EWIV 200,50 85 2195070-1,86,200
B EWIV 200,50 85 2195069-3,86,200
B EWIV 200,50 85 2195068-5,86,200
B EWIV 200,50 85 2195067-7,86,200
B EWIV 200,50 85 2195066-9,86,200
B EWIV 200,50 85 2195065-1,86,200
B EWIV 200,50 85 2195064-4,86,200
B EWIV 200,50 85 2195063-6,86,200
B EWIV 200,50 85 2195062-8,86,200
B EWIV 200,50 85 2195061-0,86,200
B EWIV 200,50 85 2195059-4,86,200
B EWIV 200,50 85 2195058-6,86,200
B EWIV 200,50 85 2195057-8,86,200
B EWIV 200,50 85 2195056-0,86,200
B EWIV 200,50 85 2195054-5,86,200
B EWIV 200,50 85 2195053-7,86,200
B EWIV 200,50 85 2195052-9,86,200
B EWIV 200,50 85 2195051-1,86,200
B EWIV 200,50 85 2195050-3,86,200
B EWIV 200,50 85 2195049-5,86,200
B EWIV 200,50 85 2195046-1,86,200
B EWIV 200,50 85 2195045-3,86,200
B EWIV 200,50 85 2195044-6,86,200
B EWIV 200,50 85 2195043-8,86,200
B EWIV 200,50 85 2195042-0,86,200
B EWIV 200,50 85 2195041-2,86,200
B EWIV 200,50 85 2195040-4,86,200
B EWIV 200,50 85 2195039-6,86,200
B EWIV 200,50 85 2195038-8,86,200
B EWIV 200,50 85 2195036-2,86,200
B EWIV 200,50 85 2195035-4,86,200
B EWIV 200,50 85 2195034-7,86,200
B EWIV 200,50 85 2195033-9,86,200
B EWIV 200,50 85 2195032-1,86,200
B EWIV 200,50 85 2195031-3,86,200
B EWIV 200,50 85 2195030-5,86,200
B EWIV 200,50 85 2195029-7,86,200
B EWIV 200,50 85 2195028-9,86,200
B EWIV 200,50 85 2195027-1,86,200
B EWIV 200,50 85 2195026-3,86,200
B EWIV 200,50 85 2195025-5,86,200
B EWIV 200,50 85 2195022-2,86,200
B EWIV 200,50 85 2195021-4,86,200
B EWIV 200,50 85 2195020-6,86,200
B EWIV 200,50 85 2195016-4,86,200
B EWIV 200,50 85 2195015-6,86,200
B EWIV 200,50 85 2195014-9,86,200
B EWIV 200,50 85 2195011-5,86,200
B EWIV 200,50 85 2195010-7,86,200
B EWIV 200,50 85 2195009-9,86,200
B EWIV 200,50 85 2195006-5,86,200
B EWIV 200,50 85 2195005-7,86,200
B EWIV 200,50 85 2195003-2,86,200
B EWIV 200,50 85 2195002-4,86,200
B EWIV 200,50 85 2195001-6,86,200
B EWIV 200,50 85 2195000-8,86,200
B EWIV 200,50 85 2175307-1,86,160
B EWIV,50 85 2175262-8,86,160
B EWIV,50 85 2175261-0,86,160
B EWIV,50 85 2175259-4,86,160
B EWIV,50 85 2175258-6,86,160
B EWIV,50 85 2175257-8,86,160
B EWIV,50 85 2175256-0,86,160
B EWIV,50 85 2175254-5,86,160
B EWIV,50 85 2175250-3,86,160
B EWIV,50 85 2175249-5,86,160
B EWIV,50 85 2175248-7,86,160
B EWIV,50 85 2175247-9,86,160
B EWIV,50 85 2175244-6,86,160
B EWIV,50 85 2175242-0,86,160
B EWIV,50 85 2175241-2,86,160
B EWIV,50 85 2175240-4,86,160
B EWIV,50 85 2175238-8,86,160
B EWIV,50 85 2175237-0,86,160
B EWIV,50 85 2175236-2,86,160
B EWIV,50 85 2175235-4,86,160
B EWIV,50 85 2175233-9,86,160
B EWIV,50 85 2175232-1,86,160
B EWIV,50 85 2175231-3,86,160
B EWIV,50 85 2175229-7,86,160
B EWIV,50 85 2175228-9,86,160
B EWIV,50 85 2175227-1,86,160
B EWIV,50 85 2175225-5,86,160
B EWIV,50 85 2175222-2,86,160
B EWIV,50 85 2175221-4,86,160
B EWIV,50 85 2175220-6,86,160
B EWIV,50 85 2175219-8,86,160
B EWIV,50 85 2175218-0,86,160
B EWIV,50 85 2175217-2,86,160
B EWIV,50 85 2175216-4,86,160
B EWIV,50 85 2175215-6,86,160
B EWIV,50 85 2175214-9,86,160
B EWIV,50 85 2175213-1,86,160
B EWIV,50 85 2175212-3,86,160
B EWIV,50 85 2175211-5,86,160
B EWIV,50 85 2175210-7,86,160
B EWIV,50 85 2175186-9,86,160
B EWIV,50 85 2175184-4,86,160
B EWIV,50 85 2175182-8,86,160
B EWIV,50 85 2175179-4,86,160
B EWIV,50 85 2175178-6,86,160
B EWIV,50 85 2175177-8,86,160
B EWIV,50 85 2175175-2,86,160
B EWIV,50 85 2175174-5,86,160
B EWIV,50 85 2175172-9,86,160
B EWIV,50 85 2175170-3,86,160
B EWIV,50 85 2175169-5,86,160
B EWIV,50 85 2175166-1,86,160
B EWIV,50 85 2175163-8,86,160
B EWIV,50 85 2175138-0,86,160
B EWIV,50 85 2175137-2,86,160
B EWIV,50 85 2175132-3,86,160
B EWIV,50 85 2175131-5,86,160
B EWIV,50 85 2175126-5,86,160
B EWIV,50 85 2175124-0,86,160
B EWIV,50 85 2175122-4,86,160
B EWIV,50 85 2175120-8,86,160
B EWIV,50 85 2175109-1,86,160
B EWIV,50 85 2175108-3,86,160
B EWIV,50 85 2175098-6,86,160
B EWIV,50 85 2175090-3,86,160
B EWIV,50 85 2175085-3,86,160
B EWIV,50 85 2175080-4,86,160
B EWIV,50 85 2175078-8,86,160
B EWIV,50 85 2175048-1,86,160
B EWIV,50 85 2175037-4,86,160
B EWIV,50 85 2175023-4,86,160
B EWIV,50 85 2175017-6,86,160
B EWIV,50 85 2175013-5,86,160
B EWIV,50 85 2175012-7,86,160
B EWIV,50 85 2175008-5,86,160
B EWIV,50 85 2175007-7,86,160
B EWIV,50 85 2175004-4,86,160
B EWIV 200,50 85 2095639-4,86,200
B EWIV 200,50 85 2095638-6,86,200
B EWIV 200,50 85 2095637-8,86,200
B EWIV 200,50 85 2095636-0,86,200
B EWIV 200,50 85 2095635-2,86,200
B EWIV 200,50 85 2095634-5,86,200
B EWIV 200,50 85 2095633-7,86,200
B EWIV 200,50 85 2095632-9,86,200
B EWIV 200,50 85 2095631-1,86,200
B EWIV 200,50 85 2095630-3,86,200
B EWIV 200,50 85 2095614-7,86,200
B EWIV 200,50 85 2095613-9,86,200
B EWIV 200,50 85 2095612-1,86,200
B EWIV 200,50 85 2095611-3,86,200
B EWIV 200,50 85 2095610-5,86,200
B EWIV 200,50 85 2095609-7,86,200
B EWIV 200,50 85 2095608-9,86,200
B EWIV 200,50 85 2095607-1,86,200
B EWIV 200,50 85 2095606-3,86,200
B EWIV 200,50 85 2095605-5,86,200
B EWIV 200,50 85 2095604-8,86,200
B EWIV 200,50 85 2095603-0,86,200
B EWIV 200,50 85 2095602-2,86,200
B EWIV 200,50 85 2095601-4,86,200
B EWI NPZ,50 85 2035332-9,98,140
B EWI NPZ,50 85 2035305-5,98,140
B EWI NPZ,50 85 2035265-1,98,140
B EWI NPZ,50 85 2035156-2,98,140
B EWI NPZ,50 85 2035102-6,98,140
A IC2000,50 85 1694085-7,86,200
A IC2000,50 85 1694084-0,86,200
A IC2000,50 85 1694083-2,86,200
A IC2000,50 85 1694082-4,86,200
A IC2000,50 85 1694081-6,86,200
A IC2000,50 85 1694080-8,86,200
A IC2000,50 85 1694079-0,86,200
A IC2000,50 85 1694078-2,86,200
A IC2000,50 85 1694077-4,86,200
A IC2000,50 85 1694076-6,86,200
A IC2000,50 85 1694075-8,86,200
A IC2000,50 85 1694074-1,86,200
A IC2000,50 85 1694073-3,86,200
A IC2000,50 85 1694072-5,86,200
A IC2000,50 85 1694071-7,86,200
A IC2000,50 85 1694070-9,86,200
A IC2000,50 85 1694069-1,86,200
A IC2000,50 85 1694068-3,86,200
A IC2000,50 85 1694067-5,86,200
A IC2000,50 85 1694066-7,86,200
A IC2000,50 85 1694065-9,86,200
A IC2000,50 85 1694064-2,86,200
A IC2000,50 85 1694063-4,86,200
A IC2000,50 85 1694062-6,86,200
A IC2000,50 85 1694061-8,86,200
A IC2000,50 85 1694060-0,86,200
A IC2000,50 85 1694059-2,86,200
A IC2000,50 85 1694058-4,86,200
A IC2000,50 85 1694057-6,86,200
A IC2000,50 85 1694056-8,86,200
A IC2000,50 85 1694055-0,86,200
A IC2000,50 85 1694054-3,86,200
A IC2000,50 85 1694053-5,86,200
A IC2000,50 85 1694052-7,86,200
A IC2000,50 85 1694051-9,86,200
A IC2000,50 85 1694050-1,86,200
A IC2000,50 85 1694049-3,86,200
A IC2000,50 85 1694048-5,86,200
A IC2000,50 85 1694047-7,86,200
A IC2000,50 85 1694046-9,86,200
A IC2000,50 85 1694045-1,86,200
A IC2000,50 85 1694044-4,86,200
A IC2000,50 85 1694043-6,86,200
A IC2000,50 85 1694042-8,86,200
A IC2000,50 85 1694041-0,86,200
A IC2000,50 85 1694040-2,86,200
A IC2000,50 85 1694039-4,86,200
A IC2000,50 85 1694038-6,86,200
A IC2000,50 85 1694037-8,86,200
A IC2000,50 85 1694036-0,86,200
A IC2000,50 85 1694035-2,86,200
A IC2000,50 85 1694034-5,86,200
A IC2000,50 85 1694033-7,86,200
A IC2000,50 85 1694032-9,86,200
A IC2000,50 85 1694031-1,86,200
A IC2000,50 85 1694030-3,86,200
A IC2000,50 85 1694029-5,86,200
A IC2000,50 85 1694028-7,86,200
A IC2000,50 85 1694027-9,86,200
A IC2000,50 85 1694026-1,86,200
A IC2000,50 85 1694025-3,86,200
A IC2000,50 85 1694024-6,86,200
A IC2000,50 85 1694023-8,86,200
A IC2000,50 85 1694022-0,86,200
A IC2000,50 85 1694021-2,86,200
A IC2000,50 85 1694020-4,86,200
A IC2000,50 85 1694019-6,86,200
A IC2000,50 85 1694018-8,86,200
A IC2000,50 85 1694017-0,86,200
A IC2000,50 85 1694016-2,86,200
A IC2000,50 85 1694015-4,86,200
A IC2000,50 85 1694014-7,86,200
A IC2000,50 85 1694013-9,86,200
A IC2000,50 85 1694012-1,86,200
A IC2000,50 85 1694011-3,86,200
A IC2000,50 85 1694010-5,86,200
A IC2000,50 85 1694009-7,86,200
A IC2000,50 85 1694008-9,86,200
A IC2000,50 85 1694007-1,86,200
A IC2000,50 85 1694006-3,86,200
A IC2000,50 85 1694005-5,86,200
A IC2000,50 85 1694004-8,86,200
A IC2000,50 85 1694003-0,86,200
A IC2000,50 85 1694002-2,86,200
A IC2000,50 85 1694001-4,86,200
A IC2000,50 85 1694000-6,86,200
A EWIV,50 85 1095218-9,60,200
A EWIV,50 85 1095213-0,60,200
A EWIV,50 85 1095212-2,60,200
A EWIV,50 85 1095211-4,60,200
A EWIV,50 85 1095210-6,60,200
A EWIV,50 85 1095209-8,60,200
A EWIV,50 85 1095207-2,60,200
A EWIV,50 85 1095206-4,60,200
A EWIV,50 85 1095204-9,60,200
A EWIV,50 85 1095192-6,60,200
A EWIV,50 85 1095190-0,60,200
A EWIV,50 85 1095189-2,60,200
A EWIV,50 85 1095175-1,60,200
A EWIV,50 85 1095171-0,60,200
A EWIV,50 85 1095170-2,60,200
A EWIV,50 85 1095168-6,60,200
A EWIV,50 85 1095166-0,60,200
A EWIV,50 85 1095165-2,60,200
A EWIV,50 85 1095164-5,60,200
A EWIV,50 85 1095163-7,60,200
A EWIV,50 85 1095161-1,60,200
A EWIV,50 85 1095158-7,60,200
A EWIV,50 85 1095157-9,60,200
A EWIV,50 85 1095155-3,60,200
A EWIV,50 85 1095152-0,60,200
A EWIV,50 85 1095151-2,60,200
A EWIV,50 85 1095149-6,60,200
A EWIV,50 85 1095147-0,60,200
A EWIV,50 85 1095146-2,60,200
A EWIV,50 85 1095141-3,60,200
A EWIV,50 85 1095140-5,60,200
A EWIV,50 85 1095128-0,60,200
A EWIV,50 85 1095127-2,60,200
A EWIV,50 85 1095126-4,60,200
A EWIV,50 85 1095125-6,60,200
A EWIV,50 85 1095124-9,60,200
A EWIV,50 85 1095123-1,60,200
A EWIV,50 85 1095122-3,60,200
A EWIV,50 85 1095121-5,60,200
A EWIV,50 85 1095120-7,60,200
A EWIV,50 85 1095119-9,60,200
A EWIV,50 85 1095118-1,60,200
A EWIV,50 85 1095117-3,60,200
A EWIV,50 85 1095116-5,60,200
A EWIV,50 85 1095115-7,60,200
A EWIV,50 85 1095114-0,60,200
A EWIV,50 85 1095113-2,60,200
A EWIV,50 85 1095112-4,60,200
A EWIV,50 85 1095111-6,60,200
A EWIV,50 85 1095110-8,60,200
A EWIV,50 85 1095104-1,60,200
A EWIV,50 85 1095103-3,60,200
A EWIV,50 85 1095100-9,60,200
A EWIV,50 85 1095094-4,60,200
A EWIV,50 85 1095091-0,60,200
A EWIV,50 85 1095087-8,60,200
A EWIV,50 85 1095086-0,60,200
A EWIV,50 85 1095078-7,60,200
A EWIV,50 85 1095074-6,60,200
A EWIV,50 85 1095073-8,60,200
A EWIV,50 85 1095071-2,60,200
A EWIV,50 85 1095069-6,60,200
A EWIV,50 85 1095065-4,60,200
A EWIV,50 85 1095064-7,60,200
A EWIV,50 85 1095063-9,60,200
A EWIV,50 85 1095057-1,60,200
A EWIV,50 85 1095051-4,60,200
A EWIV,50 85 1095050-6,60,200
A EWIV,50 85 1095048-0,60,200
A EWIV,50 85 1095047-2,60,200
A EWIV,50 85 1095046-4,60,200
A EWIV,50 85 1095041-5,60,200
A EWIV,50 85 1095039-9,60,200
A EWIV,50 85 1095038-1,60,200
A EWIV,50 85 1095036-5,60,200
A EWIV,50 85 1095035-7,60,200
A EWIV,50 85 1095032-4,60,200
A EWIV,50 85 1095031-6,60,200
A EWIV,50 85 1095030-8,60,200
A EWIV,50 85 1095027-4,60,200
A EWIV,50 85 1095026-6,60,200
A EWIV,50 85 1095025-8,60,200
A EWIV,50 85 1095024-1,60,200
A EWIV,50 85 1095020-9,60,200
A EWIV,50 85 1095019-1,60,200
A EWIV,50 85 1095018-3,60,200
A EWIV,50 85 1095017-5,60,200
A EWIV,50 85 1095016-7,60,200
A EWIV,50 85 1095013-4,60,200
A EWIV,50 85 1095006-8,60,200
A EWIV,50 85 1095005-0,60,200
A EWIV,50 85 1095000-1,60,200
A EWIV,50 85 1075203-5,60,160
A EWIV,50 85 1075202-7,60,160
A EWIV,50 85 1075200-1,60,160
A EWIV,50 85 1075199-5,60,160
A EWIV,50 85 1075198-7,60,160
A EWIV,50 85 1075197-9,60,160
A EWIV,50 85 1075195-3,60,160
A EWIV,50 85 1075193-8,60,160
A EWIV,50 85 1075191-2,60,160
A EWIV,50 85 1075188-8,60,160
A EWIV,50 85 1075187-0,60,160
A EWIV,50 85 1075186-2,60,160
A EWIV,50 85 1075185-4,60,160
A EWIV,50 85 1075183-9,60,160
A EWIV,50 85 1075182-1,60,160
A EWIV,50 85 1075181-3,60,160
A EWIV,50 85 1075180-5,60,160
A EWIV,50 85 1075178-9,60,160
A EWIV,50 85 1075176-3,60,160
A EWIV,50 85 1075174-8,60,160
A EWIV,50 85 1075173-0,60,160
A EWIV,50 85 1075172-2,60,160
A EWIV,50 85 1075169-8,60,160
A EWIV,50 85 1075167-2,60,160
A EWIV,50 85 1075162-3,60,160
A EWIV,50 85 1075160-7,60,160
A EWIV,50 85 1075159-9,60,160
A EWIV,50 85 1075153-2,60,160
A EWIV,50 85 1075150-8,60,160
A EWIV,50 85 1075148-2,60,160
A EWIV,50 85 1075145-8,60,160
A EWIV,50 85 1075144-1,60,160
A EWIV,50 85 1075143-3,60,160
A EWIV,50 85 1075142-5,60,160
A EWIV,50 85 1075139-1,60,160
A EWIV,50 85 1075138-3,60,160
A EWIV,50 85 1075137-5,60,160
A EWIV,50 85 1075136-7,60,160
A EWIV,50 85 1075134-2,60,160
A EWIV,50 85 1075133-4,60,160
A EWIV,50 85 1075132-6,60,160
A EWIV,50 85 1075131-8,60,160
A EWIV,50 85 1075130-0,60,160
A EWIV,50 85 1075129-2,60,160
A EWIV,50 85 1075108-6,60,160
A EWIV,50 85 1075107-8,60,160
A EWIV,50 85 1075105-2,60,160
A EWIV,50 85 1075102-9,60,160
A EWIV,50 85 1075101-1,60,160
A EWIV,50 85 1075098-9,60,160
A EWIV,50 85 1075097-1,60,160
A EWIV,50 85 1075092-2,60,160
A EWIV,50 85 1075089-8,60,160
A EWIV,50 85 1075088-0,60,160
A EWIV,50 85 1075085-6,60,160
A EWIV,50 85 1075084-9,60,160
A EWIV,50 85 1075083-1,60,160
A EWIV,50 85 1075082-3,60,160
A EWIV,50 85 1075080-7,60,160
A EWIV,50 85 1075070-8,60,160
A EWIV,50 85 1075052-6,60,160
A EWIV,50 85 1075023-7,60,160
A EWIV,50 85 1075021-1,60,160
Re 460,460065-6,0,200
Re 460,460008-6,0,200
"RABe 531 - ""Flirt EVO""  Thurbo (CH/AT/DE)",94 85 0 531 001,126,160
"RABe 531 - ""Flirt EVO""  Thurbo (CH/AT/DE)",94 85 0 531 002,126,160
"RABe 531 - ""Flirt EVO""  Thurbo (CH/AT/DE)",94 85 0 531 003,126,160
"RABe 531 - ""Flirt EVO""  Thurbo (CH/AT/DE)",94 85 0 531 004,126,160
"RABe 531 - ""Flirt EVO""  Thurbo (CH/AT/DE)",94 85 0 531 005,126,160
"RABe 531 - ""Flirt EVO""  Thurbo (CH/AT/DE)",94 85 0 531 006,126,160
"RABe 531 - ""Flirt EVO""  Thurbo (CH/AT/DE)",94 85 0 531 007,126,160
"RABe 531 - ""Flirt EVO""  Thurbo (CH/AT/DE)",94 85 0 531 008,126,160
"RABe 531 - ""Flirt EVO""  Thurbo (CH/AT/DE)",94 85 0 531 009,126,160
"RABe 531 - ""Flirt EVO""  Thurbo (CH/AT/DE)",94 85 0 531 010,126,160
"RABe 532 - ""Flirt EVO"" (CH/FR)",94 85 0 532 201-6,146,160
"RABe 532 - ""Flirt EVO"" (CH/FR)",94 85 0 532 205-7,146,160
"RABe 532 - ""Flirt EVO"" (CH/FR)",94 85 0 532 206-5,146,160
"RABe 532 - ""Flirt EVO"" (CH/FR)",94 85 0 532 207-3,146,160
"RABe 532 - ""Flirt EVO"" (CH/FR)",94 85 0 532 208-1,146,160
"RABe 532 - ""Flirt EVO"" (CH/FR)",94 85 0 532 209-9,146,160
"RABe 532 - ""Flirt EVO"" (CH/FR)",94 85 0 532 210-7,146,160
"RABe 532 - ""Flirt EVO"" (CH/FR)",94 85 0 532 211-5,146,160
"RABe 532 - ""Flirt EVO"" (CH/FR)",94 85 0 532 216-4,146,160
"RABe 532 - ""Flirt EVO"" (CH/FR)",94 85 0 532 218-0,146,160
"RABe 532 - ""Flirt EVO"" (CH/FR)",94 85 0 532 219-8,146,160
"RABe 532 - ""Flirt EVO"" (CH/FR)",94 85 0 532 220-6,146,160
"RABe 532 - ""Flirt EVO"" (CH/FR)",94 85 0 532 224-8,146,160
"RABe 532 - ""Flirt EVO"" (CH/FR)",94 85 0 532 225-5,146,160
"RABe 532 - ""Flirt EVO"" (CH/FR)",94 85 0 532 227-1,146,160
"RABe 532 - ""Flirt EVO"" (CH/FR)",94 85 0 532 228-9,146,160
"RABe 532 - ""Flirt EVO"" (CH/FR)",94 85 0 532 229-7,146,160
"RABe 532 - ""Flirt EVO"" (CH/FR)",94 85 0 532 230-5,146,160
"RABe 532 - ""Flirt EVO"" (CH/FR)",94 85 0 532 001-0,146,160
"RABe 532 - ""Flirt EVO"" (CH/FR)",94 85 0 532 023-4,146,160
"RABe 532 - ""Flirt EVO"" (CH/FR)",94 85 0 532 026-7,146,160
"RABe 532 - ""Flirt EVO"" (CH/FR)",94 85 0 532 203-2,146,160
"RABe 532 - ""Flirt EVO"" (CH/FR)",94 85 0 532 213-1,146,160
"RABe 532 - ""Flirt EVO"" (CH/FR)",94 85 0 532 223-0,146,160
"RABe 532 - ""Flirt EVO"" (CH/FR)",94 85 0 532 006-9,146,160
"RABe 532 - ""Flirt EVO"" (CH/FR)",94 85 0 532 009-3,146,160
"RABe 532 - ""Flirt EVO"" (CH/FR)",94 85 0 532 029-1,146,160
"RABe 532 - ""Flirt EVO"" (CH/FR)",94 85 0 532 033-3,146,160
"RABe 532 - ""Flirt EVO"" (CH/FR)",94 85 0 532 204-0,146,160
"RABe 532 - ""Flirt EVO"" (CH/FR)",94 85 0 532 215-6,146,160
"RABe 532 - ""Flirt EVO"" (CH/FR)",94 85 0 532 217-2,146,160
"RABe 532 - ""Flirt EVO"" (CH/FR)",94 85 0 532 231-3,146,160
"RABe 532 - ""Flirt EVO"" (CH/FR)",94 85 0 532 232-1,146,160
"RABe 532 - ""Flirt EVO"" (CH/FR)",94 85 0 532 233-9,146,160
"RABe 532 - ""Flirt EVO"" (CH/FR)",94 85 0 532 005-1,146,160
"RABe 532 - ""Flirt EVO"" (CH/FR)",94 85 0 532 013-5,146,160
"RABe 532 - ""Flirt EVO"" (CH/FR)",94 85 0 532 015-0,146,160
"RABe 532 - ""Flirt EVO"" (CH/FR)",94 85 0 532 018-4,146,160
"RABe 532 - ""Flirt EVO"" (CH/FR)",94 85 0 532 019-2,146,160
"RABe 532 - ""Flirt EVO"" (CH/FR)",94 85 0 532 020-0,146,160
"RABe 532 - ""Flirt EVO"" (CH/FR)",94 85 0 532 025-9,146,160
"RABe 532 - ""Flirt EVO"" (CH/FR)",94 85 0 532 030-9,146,160
"RABe 532 - ""Flirt EVO"" (CH/FR)",94 85 0 532 212-3,146,160
"RABe 532 - ""Flirt EVO"" (CH/FR)",94 85 0 532 002-8,146,160
"RABe 532 - ""Flirt EVO"" (CH/FR)",94 85 0 532 003-6,146,160
"RABe 532 - ""Flirt EVO"" (CH/FR)",94 85 0 532 007-7,146,160
"RABe 532 - ""Flirt EVO"" (CH/FR)",94 85 0 532 008-5,146,160
"RABe 532 - ""Flirt EVO"" (CH/FR)",94 85 0 532 010-1,146,160
"RABe 532 - ""Flirt EVO"" (CH/FR)",94 85 0 532 016-8,146,160
"RABe 532 - ""Flirt EVO"" (CH/FR)",94 85 0 532 017-6,146,160
"RABe 532 - ""Flirt EVO"" (CH/FR)",94 85 0 532 028-3,146,160
"RABe 532 - ""Flirt EVO"" (CH/FR)",94 85 0 532 031-7,146,160
"RABe 532 - ""Flirt EVO"" (CH/FR)",94 85 0 532 032-5,146,160
"RABe 532 - ""Flirt EVO"" (CH/FR)",94 85 0 532 202-4,146,160
"RABe 532 - ""Flirt EVO"" (CH/FR)",94 85 0 532 214-9,146,160
"RABe 532 - ""Flirt EVO"" (CH/FR)",94 85 0 532 221-4,146,160
"RABe 532 - ""Flirt EVO"" (CH/FR)",94 85 0 532 222-2,146,160
"RABe 532 - ""Flirt EVO"" (CH/FR)",94 85 0 532 226-3,146,160
"RABe 532 - ""Flirt EVO"" (CH/FR)",94 85 0 532 004-4,146,160
"RABe 532 - ""Flirt EVO"" (CH/FR)",94 85 0 532 011-9,146,160
"RABe 532 - ""Flirt EVO"" (CH/FR)",94 85 0 532 012-7,146,160
"RABe 532 - ""Flirt EVO"" (CH/FR)",94 85 0 532 014-3,146,160
"RABe 532 - ""Flirt EVO"" (CH/FR)",94 85 0 532 021-8,146,160
"RABe 532 - ""Flirt EVO"" (CH/FR)",94 85 0 532 022-6,146,160
"RABe 532 - ""Flirt EVO"" (CH/FR)",94 85 0 532 024-2,146,160
"RABe 532 - ""Flirt EVO"" (CH/FR)",94 85 0 532 027-5,146,160
"RABe 533 - ""Flirt EVO""",94 85 0533004-3,146,160
"RABe 533 - ""Flirt EVO""",94 85 0533005-0,146,160
"RABe 533 - ""Flirt EVO""",94 85 0533008-4,146,160
"RABe 533 - ""Flirt EVO""",94 85 0533018-3,146,160
"RABe 533 - ""Flirt EVO""",94 85 0533038-1,146,160
"RABe 533 - ""Flirt EVO""",94 85 0533040-7,146,160
"RABe 533 - ""Flirt EVO""",94 85 0533042-3,146,160
"RABe 533 - ""Flirt EVO""",94 85 0533044-9,146,160
"RABe 533 - ""Flirt EVO""",94 85 0533050-6,146,160
"RABe 533 - ""Flirt EVO""",94 85 0533053-0,146,160
"RABe 533 - ""Flirt EVO""",94 85 0533054-8,146,160
"RABe 533 - ""Flirt EVO""",94 85 0533060-5,146,160
"RABe 533 - ""Flirt EVO""",94 85 0533061-3,146,160
"RABe 533 - ""Flirt EVO""",94 85 0533064-7,146,160
"RABe 533 - ""Flirt EVO""",94 85 0533065-4,146,160
"RABe 533 - ""Flirt EVO""",94 85 0533068-8,146,160
"RABe 533 - ""Flirt EVO""",94 85 0533069-6,146,160
"RABe 533 - ""Flirt EVO""",94 85 0533070-4,146,160
"RABe 533 - ""Flirt EVO""",94 85 0533074-6,146,160
"RABe 533 - ""Flirt EVO""",94 85 0533082-9,146,160
"RABe 533 - ""Flirt EVO""",94 85 0533083-7,146,160
"RABe 533 - ""Flirt EVO""",94 85 0533084-5,146,160
"RABe 533 - ""Flirt EVO""",94 85 0533090-2,146,160
"RABe 533 - ""Flirt EVO""",94 85 0533096-9,146,160
"RABe 533 - ""Flirt EVO""",94 85 0533108-2,146,160
"RABe 533 - ""Flirt EVO""",94 85 0533110-8,146,160
"RABe 533 - ""Flirt EVO""",94 85 0533116-5,146,160
"RABe 533 - ""Flirt EVO""",94 85 0533118-1,146,160
"RABe 533 - ""Flirt EVO""",94 85 0533119-9,146,160
"RABe 533 - ""Flirt EVO""",94 85 0533134-8,146,160
"RABe 533 - ""Flirt EVO""",94 85 0533135-5,146,160
"RABe 533 - ""Flirt EVO""",94 85 0533144-7,146,160
"RABe 533 - ""Flirt EVO""",94 85 0533153-8,146,160
"RABe 533 - ""Flirt EVO""",94 85 0533006-8,146,160
"RABe 533 - ""Flirt EVO""",94 85 0533007-6,146,160
"RABe 533 - ""Flirt EVO""",94 85 0533011-8,146,160
"RABe 533 - ""Flirt EVO""",94 85 0533015-9,146,160
"RABe 533 - ""Flirt EVO""",94 85 0533016-7,146,160
"RABe 533 - ""Flirt EVO""",94 85 0533021-7,146,160
"RABe 533 - ""Flirt EVO""",94 85 0533022-5,146,160
"RABe 533 - ""Flirt EVO""",94 85 0533029-0,146,160
"RABe 533 - ""Flirt EVO""",94 85 0533031-6,146,160
"RABe 533 - ""Flirt EVO""",94 85 0533033-2,146,160
"RABe 533 - ""Flirt EVO""",94 85 0533037-3,146,160
"RABe 533 - ""Flirt EVO""",94 85 0533045-6,146,160
"RABe 533 - ""Flirt EVO""",94 85 0533049-8,146,160
"RABe 533 - ""Flirt EVO""",94 85 0533055-5,146,160
"RABe 533 - ""Flirt EVO""",94 85 0533057-1,146,160
"RABe 533 - ""Flirt EVO""",94 85 0533087-8,146,160
"RABe 533 - ""Flirt EVO""",94 85 0533091-0,146,160
"RABe 533 - ""Flirt EVO""",94 85 0533095-1,146,160
"RABe 533 - ""Flirt EVO""",94 85 0533097-7,146,160
"RABe 533 - ""Flirt EVO""",94 85 0533104-1,146,160
"RABe 533 - ""Flirt EVO""",94 85 0533112-4,146,160
"RABe 533 - ""Flirt EVO""",94 85 0533122-3,146,160
"RABe 533 - ""Flirt EVO""",94 85 0533125-6,146,160
"RABe 533 - ""Flirt EVO""",94 85 0533127-2,146,160
"RABe 533 - ""Flirt EVO""",94 85 0533132-2,146,160
"RABe 533 - ""Flirt EVO""",94 85 0533133-0,146,160
"RABe 533 - ""Flirt EVO""",94 85 0533136-3,146,160
"RABe 533 - ""Flirt EVO""",94 85 0533137-1,146,160
"RABe 533 - ""Flirt EVO""",94 85 0533139-7,146,160
"RABe 533 - ""Flirt EVO""",94 85 0533145-4,146,160
"RABe 533 - ""Flirt EVO""",94 85 0533146-2,146,160
"RABe 533 - ""Flirt EVO""",94 85 0533154-6,146,160
"RABe 533 - ""Flirt EVO""",94 85 0533012-6,146,160
"RABe 533 - ""Flirt EVO""",94 85 0533034-0,146,160
"RABe 533 - ""Flirt EVO""",94 85 0533036-5,146,160
"RABe 533 - ""Flirt EVO""",94 85 0533041-5,146,160
"RABe 533 - ""Flirt EVO""",94 85 0533043-1,146,160
"RABe 533 - ""Flirt EVO""",94 85 0533056-3,146,160
"RABe 533 - ""Flirt EVO""",94 85 0533059-7,146,160
"RABe 533 - ""Flirt EVO""",94 85 0533066-2,146,160
"RABe 533 - ""Flirt EVO""",94 85 0533076-1,146,160
"RABe 533 - ""Flirt EVO""",94 85 0533077-9,146,160
"RABe 533 - ""Flirt EVO""",94 85 0533079-5,146,160
"RABe 533 - ""Flirt EVO""",94 85 0533085-2,146,160
"RABe 533 - ""Flirt EVO""",94 85 0533086-0,146,160
"RABe 533 - ""Flirt EVO""",94 85 0533093-6,146,160
"RABe 533 - ""Flirt EVO""",94 85 0533094-4,146,160
"RABe 533 - ""Flirt EVO""",94 85 0533099-3,146,160
"RABe 533 - ""Flirt EVO""",94 85 0533100-9,146,160
"RABe 533 - ""Flirt EVO""",94 85 0533101-7,146,160
"RABe 533 - ""Flirt EVO""",94 85 0533106-6,146,160
"RABe 533 - ""Flirt EVO""",94 85 0533111-6,146,160
"RABe 533 - ""Flirt EVO""",94 85 0533115-7,146,160
"RABe 533 - ""Flirt EVO""",94 85 0533117-3,146,160
"RABe 533 - ""Flirt EVO""",94 85 0533121-5,146,160
"RABe 533 - ""Flirt EVO""",94 85 0533128-0,146,160
"RABe 533 - ""Flirt EVO""",94 85 0533129-8,146,160
"RABe 533 - ""Flirt EVO""",94 85 0533130-6,146,160
"RABe 533 - ""Flirt EVO""",94 85 0533143-9,146,160
"RABe 533 - ""Flirt EVO""",94 85 0533148-8,146,160
"RABe 533 - ""Flirt EVO""",94 85 0533155-3,146,160
"RABe 533 - ""Flirt EVO""",94 85 0533001-9,146,160
"RABe 533 - ""Flirt EVO""",94 85 0533002-7,146,160
"RABe 533 - ""Flirt EVO""",94 85 0533010-0,146,160
"RABe 533 - ""Flirt EVO""",94 85 0533017-5,146,160
"RABe 533 - ""Flirt EVO""",94 85 0533023-3,146,160
"RABe 533 - ""Flirt EVO""",94 85 0533024-1,146,160
"RABe 533 - ""Flirt EVO""",94 85 0533026-6,146,160
"RABe 533 - ""Flirt EVO""",94 85 0533028-2,146,160
"RABe 533 - ""Flirt EVO""",94 85 0533032-4,146,160
"RABe 533 - ""Flirt EVO""",94 85 0533047-2,146,160
"RABe 533 - ""Flirt EVO""",94 85 0533048-0,146,160
"RABe 533 - ""Flirt EVO""",94 85 0533058-9,146,160
"RABe 533 - ""Flirt EVO""",94 85 0533062-1,146,160
"RABe 533 - ""Flirt EVO""",94 85 0533067-0,146,160
"RABe 533 - ""Flirt EVO""",94 85 0533072-0,146,160
"RABe 533 - ""Flirt EVO""",94 85 0533073-8,146,160
"RABe 533 - ""Flirt EVO""",94 85 0533081-1,146,160
"RABe 533 - ""Flirt EVO""",94 85 0533088-6,146,160
"RABe 533 - ""Flirt EVO""",94 85 0533089-4,146,160
"RABe 533 - ""Flirt EVO""",94 85 0533092-8,146,160
"RABe 533 - ""Flirt EVO""",94 85 0533105-8,146,160
"RABe 533 - ""Flirt EVO""",94 85 0533113-2,146,160
"RABe 533 - ""Flirt EVO""",94 85 0533114-0,146,160
"RABe 533 - ""Flirt EVO""",94 85 0533120-7,146,160
"RABe 533 - ""Flirt EVO""",94 85 0533124-9,146,160
"RABe 533 - ""Flirt EVO""",94 85 0533142-1,146,160
"RABe 533 - ""Flirt EVO""",94 85 0533150-4,146,160
"RABe 533 - ""Flirt EVO""",94 85 0533003-5,146,160
"RABe 533 - ""Flirt EVO""",94 85 0533009-2,146,160
"RABe 533 - ""Flirt EVO""",94 85 0533013-4,146,160
"RABe 533 - ""Flirt EVO""",94 85 0533014-2,146,160
"RABe 533 - ""Flirt EVO""",94 85 0533019-1,146,160
"RABe 533 - ""Flirt EVO""",94 85 0533020-9,146,160
"RABe 533 - ""Flirt EVO""",94 85 0533025-8,146,160
"RABe 533 - ""Flirt EVO""",94 85 0533027-4,146,160
"RABe 533 - ""Flirt EVO""",94 85 0533030-8,146,160
"RABe 533 - ""Flirt EVO""",94 85 0533035-7,146,160
"RABe 533 - ""Flirt EVO""",94 85 0533039-9,146,160
"RABe 533 - ""Flirt EVO""",94 85 0533046-4,146,160
"RABe 533 - ""Flirt EVO""",94 85 0533051-4,146,160
"RABe 533 - ""Flirt EVO""",94 85 0533052-2,146,160
"RABe 533 - ""Flirt EVO""",94 85 0533063-9,146,160
"RABe 533 - ""Flirt EVO""",94 85 0533071-2,146,160
"RABe 533 - ""Flirt EVO""",94 85 0533075-3,146,160
"RABe 533 - ""Flirt EVO""",94 85 0533078-7,146,160
"RABe 533 - ""Flirt EVO""",94 85 0533080-3,146,160
"RABe 533 - ""Flirt EVO""",94 85 0533098-5,146,160
"RABe 533 - ""Flirt EVO""",94 85 0533102-5,146,160
"RABe 533 - ""Flirt EVO""",94 85 0533103-3,146,160
"RABe 533 - ""Flirt EVO""",94 85 0533107-4,146,160
"RABe 533 - ""Flirt EVO""",94 85 0533109-0,146,160
"RABe 533 - ""Flirt EVO""",94 85 0533123-1,146,160
"RABe 533 - ""Flirt EVO""",94 85 0533126-4,146,160
"RABe 533 - ""Flirt EVO""",94 85 0533131-4,146,160
"RABe 533 - ""Flirt EVO""",94 85 0533138-9,146,160
"RABe 533 - ""Flirt EVO""",94 85 0533140-5,146,160
"RABe 533 - ""Flirt EVO""",94 85 0533141-3,146,160
"RABe 533 - ""Flirt EVO""",94 85 0533147-0,146,160
"RABe 533 - ""Flirt EVO""",94 85 0533149-6,146,160
"RABe 533 - ""Flirt EVO""",94 85 0533151-2,146,160
"RABe 533 - ""Flirt EVO""",94 85 0533152-0,146,160
RABe 501,93 85 0501013-3,405,250
RABe 501,93 85 0501012-5,405,250
RABe 501,93 85 0501011-7,405,250
RABe 501,93 85 0501010-9,405,250
RABe 501,93 85 0501009-1,405,250
RABe 501,93 85 0501008-3,405,250
RABe 501,93 85 0501007-5,405,250
RABe 501,93 85 0501006-7,405,250
RABe 501,93 85 0501005-9,405,250
RABe 501,93 85 0501004-2,405,250
RABe 501,93 85 0501003-4,405,250
RABe 501,93 85 0501002-6,405,250
